5#32#8_3#40#3,1x24x112x112,0.2734,118.7395,0.0489,11.7578
5#40#3_7#40#6_3#32#6,1x32x80x80,0.2381,104.9236,0.1258,9.0708
7#32#3_5#32#8_5#40#3,1x16x96x96,0.2641,86.0426,0.0765,8.8565
5#32#8_3#32#6,1x24x112x112,0.2626,134.3078,0.0681,13.3908
3#32#8_7#32#3_7#40#3_5#40#6,1x32x80x80,0.2523,139.7975,0.1396,12.3553
7#32#6_3#32#3_7#40#3,1x32x80x80,0.2459,87.5796,0.0664,8.1179
3#32#6_7#40#8_7#40#8_5#40#8,1x32x112x112,0.2154,394.3363,0.2671,33.4415
5#40#3_5#32#3,1x24x80x80,0.3165,38.6159,0.0314,3.9187
3#32#3_7#40#8,1x16x112x112,0.2977,100.9382,0.0661,9.8053
5#40#3_7#32#3,1x16x80x80,0.3387,31.4588,0.0278,3.4080
3#32#8_7#32#6_3#32#8,1x32x112x112,0.2435,252.3689,0.1438,22.3326
5#32#6_3#40#6_5#32#8,1x32x112x112,0.2150,257.5913,0.1559,22.0353
3#40#8_5#40#8_3#40#6,1x16x80x80,0.2310,108.6085,0.1558,10.0237
3#32#6_7#32#8_5#40#6_7#32#6,1x24x80x80,0.2407,139.9206,0.1754,13.4418
3#32#3_3#32#6_5#40#8_3#40#3,1x32x96x96,0.2263,152.7357,0.1245,13.8558
5#32#8_5#32#8_5#40#8_3#40#3,1x32x112x112,0.1959,321.8094,0.1892,28.2567
3#40#8_3#40#8,1x32x112x112,0.2632,235.5098,0.1378,18.7838
7#40#8_3#32#8_3#32#8_5#40#3,1x32x112x112,0.1858,335.6984,0.2092,28.5085
3#32#3_5#40#8_7#32#3,1x32x112x112,0.2463,171.6721,0.0935,15.0813
3#40#8_7#32#3_3#40#3,1x16x112x112,0.2619,117.0560,0.0540,11.9772
5#40#3_5#40#3,1x32x112x112,0.2814,96.9021,0.0354,8.5793
5#32#8_5#32#8_3#40#3,1x32x112x112,0.2156,240.4132,0.1258,21.1458
3#40#8_3#40#6,1x16x96x96,0.2738,84.0520,0.0714,8.4435
3#32#3_7#40#6_5#40#8,1x32x96x96,0.2255,158.8106,0.1375,13.8466
3#40#3_3#40#8_7#40#6_5#32#6,1x16x80x80,0.2614,133.0806,0.2000,11.7301
3#32#8_5#40#3_7#32#6,1x32x96x96,0.2573,182.6555,0.1264,16.2822
7#40#6_5#32#8,1x16x96x96,0.2758,99.8098,0.0970,9.8753
7#40#3_7#40#6,1x16x80x80,0.3107,52.2051,0.0644,5.0921
3#32#6_7#40#6,1x32x96x96,0.2703,123.8999,0.0745,11.3527
7#40#6_7#40#8,1x24x80x80,0.2562,93.9379,0.1137,8.8898
3#32#8_5#40#3,1x16x112x112,0.3046,74.8754,0.0320,8.3323
5#40#3_5#40#3_3#32#8_7#32#3,1x32x112x112,0.2375,209.6532,0.1295,18.1446
5#40#8_7#40#6,1x32x80x80,0.2441,119.3851,0.1164,10.3370
7#40#8_7#32#3_5#32#8_7#32#3,1x16x112x112,0.2501,189.1415,0.1111,19.3348
5#32#8_3#40#3_5#32#6,1x16x112x112,0.2443,147.5610,0.0873,14.5501
7#32#3_5#32#6_3#40#6,1x24x96x96,0.2320,102.5775,0.0825,10.0589
5#32#3_7#40#6,1x32x112x112,0.2658,120.4454,0.0541,10.6091
7#32#8_5#40#8_3#32#3_5#32#3,1x24x96x96,0.2221,169.9144,0.1274,16.8985
7#40#3_5#40#3_5#40#3,1x24x112x112,0.2589,113.5922,0.0519,11.0929
5#32#3_3#40#8,1x32x96x96,0.2588,92.4923,0.0705,8.1383
3#40#8_5#40#3,1x32x80x80,0.2957,93.4036,0.0765,8.0582
5#32#3_7#32#3_7#40#6_5#32#6,1x16x96x96,0.2655,133.4292,0.1145,13.0066
7#32#8_7#40#3_5#40#3_5#32#6,1x24x96x96,0.2276,175.0548,0.1276,17.3018
7#32#3_7#32#8_5#32#3_3#32#3,1x32x80x80,0.2674,91.4898,0.0978,8.7643
5#32#3_3#32#6_7#32#6,1x16x80x80,0.2830,59.9936,0.0762,6.3696
7#32#6_3#32#8_3#32#6_3#32#8,1x32x112x112,0.2317,277.0739,0.1774,25.0791
3#40#3_7#40#8_3#32#3,1x16x80x80,0.2871,82.1468,0.1124,7.7028
7#40#3_7#40#3_7#32#6_5#40#3,1x32x112x112,0.2250,212.6684,0.1097,18.9043
5#40#8_3#40#6_5#32#8_7#40#3,1x16x112x112,0.2109,246.2080,0.1718,22.3767
5#32#3_3#40#6_5#40#3_5#40#8,1x16x112x112,0.2687,206.8541,0.1466,18.1963
3#32#6_5#40#6_5#40#8,1x16x112x112,0.2282,189.8399,0.1338,17.2117
5#32#3_7#32#6_3#32#3_5#40#3,1x24x96x96,0.2421,105.2778,0.0745,10.7724
5#40#8_7#40#8,1x32x96x96,0.2370,191.6293,0.1458,16.5440
3#32#6_5#32#8,1x32x80x80,0.2867,87.1936,0.0898,8.0512
7#40#6_3#32#6_5#32#8,1x24x112x112,0.2211,207.5026,0.1346,19.2326
3#40#3_5#32#6_7#32#3,1x32x112x112,0.2592,156.4887,0.0833,13.7244
7#40#3_5#40#6_7#32#3,1x16x112x112,0.2737,136.7946,0.0838,12.7671
5#32#6_3#32#6_3#40#6,1x32x96x96,0.2038,152.2299,0.1063,13.8971
3#40#3_7#40#3_5#32#6_5#32#3,1x16x96x96,0.2736,114.4520,0.0951,11.3011
5#32#3_3#32#6_3#40#8,1x24x112x112,0.2304,148.4251,0.0999,13.6469
7#32#6_3#32#3,1x16x96x96,0.3150,44.5409,0.0252,5.4361
5#32#3_7#32#3_7#32#8,1x24x80x80,0.2742,69.3400,0.0815,7.1675
5#40#8_5#32#8_5#40#6,1x16x96x96,0.2103,149.5982,0.1404,14.5260
7#40#3_3#40#3_7#40#3,1x32x96x96,0.2439,100.2900,0.0564,9.3107
5#32#8_7#40#6_5#32#3_7#40#6,1x24x112x112,0.1984,255.5090,0.1349,23.9686
3#32#8_7#32#8_5#32#3_3#40#3,1x32x80x80,0.2425,135.2940,0.1389,12.3723
7#40#6_3#40#3_5#32#8_5#40#8,1x16x80x80,0.2274,125.3699,0.1747,11.7392
3#32#3_3#40#8_5#32#6,1x32x96x96,0.2382,143.2479,0.1246,12.5383
5#32#6_3#40#3_3#40#8,1x32x96x96,0.2142,167.6580,0.1322,14.5058
3#32#3_3#32#8,1x24x80x80,0.3070,46.9482,0.0623,4.8184
7#32#6_3#40#8_5#40#6,1x32x112x112,0.1935,258.6890,0.1500,22.1640
7#32#6_5#32#6_3#32#8_3#32#6,1x16x96x96,0.2516,140.0837,0.1347,14.4804
5#40#8_5#40#8,1x16x112x112,0.2527,149.3832,0.1035,14.0952
7#40#3_7#32#8_7#40#3_5#40#3,1x16x112x112,0.2620,195.8518,0.1288,18.2114
5#32#3_3#32#6,1x32x80x80,0.2882,51.4278,0.0477,4.7632
7#40#6_3#40#8,1x32x112x112,0.2327,210.8088,0.1214,17.4535
3#32#3_7#32#8_5#40#6_3#32#6,1x24x80x80,0.2504,117.2182,0.1580,11.0859
7#40#3_7#40#6_5#32#8,1x32x80x80,0.2392,121.3025,0.1570,10.6355
5#40#6_5#40#8_5#40#3_5#32#3,1x16x96x96,0.2335,155.7110,0.1381,14.7914
3#32#8_7#40#6_7#32#3,1x16x80x80,0.2686,75.8743,0.0784,7.9723
5#40#6_5#40#6_3#32#6_3#40#3,1x16x96x96,0.2199,151.3236,0.1358,14.1106
7#32#6_5#40#8_3#32#8_3#40#6,1x32x112x112,0.1880,330.2789,0.2134,28.0805
3#40#8_3#32#3,1x24x112x112,0.3027,124.8389,0.0541,11.9487
5#40#3_5#32#3,1x16x96x96,0.3253,42.8083,0.0267,4.6466
3#40#8_3#32#6_7#32#3_5#40#3,1x24x112x112,0.2316,213.8583,0.1166,19.6010
3#40#8_5#40#6_7#40#6_5#40#8,1x16x80x80,0.2371,153.1832,0.2157,14.0110
5#32#6_3#32#3_5#40#6,1x16x96x96,0.2385,85.3309,0.0625,8.9697
5#40#6_3#40#8_3#32#8,1x16x80x80,0.2410,108.9582,0.1747,9.6592
5#32#8_3#32#6,1x32x96x96,0.2625,139.6920,0.0898,12.6442
5#40#8_5#32#8_7#32#8_3#32#3,1x32x112x112,0.2247,342.8234,0.2114,29.8549
7#40#6_7#40#6,1x32x112x112,0.2361,202.0076,0.0977,17.5183
5#32#8_5#32#3_3#32#3,1x24x112x112,0.2586,137.0081,0.0598,13.8827
7#40#3_5#32#6_3#32#3,1x32x96x96,0.2469,114.9819,0.0833,10.4477
3#40#3_7#32#3_3#32#3_7#32#3,1x16x80x80,0.3084,55.9672,0.0535,5.7968
7#40#3_5#40#6,1x32x96x96,0.2605,100.3054,0.0717,8.8217
3#32#6_5#32#8_5#32#3_5#40#8,1x16x112x112,0.2297,200.0763,0.1381,19.4408
3#32#6_3#40#6,1x24x112x112,0.2722,117.0906,0.0590,10.9451
3#40#6_3#32#3,1x16x96x96,0.3109,51.8246,0.0316,5.7116
3#40#6_7#32#8_7#40#3,1x16x112x112,0.2499,173.2680,0.1142,16.4664
7#40#8_5#32#3_3#32#8_3#32#3,1x16x96x96,0.2525,127.1972,0.1059,13.3666
7#40#6_5#40#8_5#40#3_5#32#8,1x24x80x80,0.2231,156.3328,0.2141,14.2089
5#32#8_7#32#3_5#40#6_7#40#3,1x16x112x112,0.2263,173.2716,0.0913,17.4919
7#40#6_3#40#8_3#40#3,1x24x112x112,0.2171,199.4949,0.1271,17.5534
3#32#3_7#40#6,1x16x96x96,0.3010,59.5553,0.0451,6.1425
5#32#8_3#40#8_5#40#6,1x24x96x96,0.1949,171.3521,0.1465,16.2068
3#40#3_7#32#8,1x16x80x80,0.3236,62.4911,0.0917,6.1677
3#40#3_7#32#8_7#32#6_3#32#6,1x16x112x112,0.2742,221.2152,0.1623,20.7983
5#32#6_3#32#8_3#32#8,1x24x112x112,0.2251,185.6279,0.1296,17.7872
5#40#6_5#40#8,1x24x112x112,0.2420,170.9622,0.1096,15.1720
7#40#3_7#40#3,1x24x96x96,0.3017,58.8461,0.0328,6.1843
3#32#3_5#40#3,1x16x80x80,0.3361,24.7613,0.0204,2.6730
7#40#6_5#32#3,1x32x96x96,0.2717,117.0693,0.0605,10.8042
5#32#8_3#40#8,1x24x96x96,0.2378,117.1313,0.0909,11.5766
3#40#8_3#32#3_7#32#6,1x16x96x96,0.2616,100.4334,0.0745,10.8096
3#32#3_7#40#3_3#40#3_7#40#3,1x24x96x96,0.2710,103.5560,0.0659,10.2932
3#32#6_3#32#6_5#40#3_7#32#6,1x32x112x112,0.2375,258.6291,0.1406,22.7741
3#40#6_5#32#3,1x16x80x80,0.3213,37.7211,0.0327,4.0703
3#40#3_7#40#8_5#32#6_7#32#3,1x32x112x112,0.2373,263.9165,0.1705,22.7254
5#32#6_3#40#3_3#32#3_5#32#3,1x32x80x80,0.2475,101.0401,0.0832,9.1492
3#40#3_7#32#8_7#32#6,1x32x112x112,0.2478,215.5300,0.1373,19.1599
7#32#8_3#32#8_7#40#3,1x16x80x80,0.2391,73.2104,0.0881,7.8279
7#40#6_7#32#6,1x16x96x96,0.2777,88.1772,0.0711,9.2005
3#40#6_7#40#8_3#40#3_5#32#3,1x24x80x80,0.2499,126.2221,0.1508,11.6530
7#32#3_3#40#6,1x32x80x80,0.2744,57.3158,0.0515,5.0686
5#32#6_5#40#3_5#32#8,1x16x80x80,0.2644,82.3900,0.1104,7.9937
5#40#3_5#40#8,1x24x80x80,0.2785,69.5075,0.0952,6.3570
7#40#6_5#32#3_7#40#3,1x32x96x96,0.2289,141.9203,0.0765,13.1127
5#32#6_7#40#6_5#32#3,1x24x80x80,0.2417,86.6936,0.0843,8.5362
5#40#3_5#32#8_5#32#3,1x24x80x80,0.2640,80.0593,0.1071,7.6028
7#40#8_7#40#6_5#40#6_7#32#6,1x16x80x80,0.2231,146.7372,0.1909,13.8938
3#40#6_3#32#3_5#32#6_5#32#6,1x16x80x80,0.2743,86.4108,0.1022,8.8353
3#40#6_3#40#8,1x32x96x96,0.2592,146.9358,0.1179,12.3143
7#32#6_3#40#8_7#32#6,1x16x112x112,0.2339,186.2712,0.1265,17.5691
5#40#6_5#40#6_3#32#3_3#40#8,1x24x96x96,0.2025,183.6470,0.1566,16.8900
7#32#8_7#32#6,1x24x112x112,0.2609,150.5649,0.0733,15.2824
5#40#8_5#32#8_7#32#8,1x16x96x96,0.2261,160.5243,0.1598,16.1241
7#32#8_5#40#8,1x32x80x80,0.2336,117.2111,0.1172,10.4955
7#40#8_5#40#3,1x16x96x96,0.2818,67.2189,0.0405,7.6626
3#32#8_5#32#6,1x24x96x96,0.2852,98.6849,0.0681,10.3302
7#40#3_5#32#3_5#40#3_5#32#3,1x24x80x80,0.2729,74.8650,0.0678,7.1823
5#40#3_5#40#3_5#32#6,1x24x80x80,0.2661,74.7427,0.0861,7.0797
7#32#8_5#40#8,1x32x96x96,0.2228,168.7552,0.1172,15.2191
5#32#6_5#32#6_7#32#8,1x32x112x112,0.2200,232.8863,0.1291,21.4600
7#40#3_3#40#6,1x32x80x80,0.2688,66.2113,0.0695,5.6144
7#40#3_7#32#8_7#40#8,1x24x96x96,0.2274,166.6205,0.1584,15.7497
5#40#8_3#32#8_7#40#8_5#40#6,1x24x112x112,0.1893,338.4197,0.2331,29.8210
5#32#6_3#40#6_3#40#8,1x16x80x80,0.2303,90.9030,0.1300,8.2894
3#40#6_3#32#6,1x24x96x96,0.2824,98.1005,0.0768,9.2916
3#32#6_3#32#3,1x24x96x96,0.3186,63.3853,0.0348,6.7843
5#32#8_7#32#8_3#32#8_7#32#8,1x16x96x96,0.2349,185.3112,0.1858,19.4992
3#40#8_3#40#8,1x32x80x80,0.2733,120.1992,0.1378,9.9347
5#32#8_7#32#3_5#40#8_5#32#6,1x16x96x96,0.2312,163.7524,0.1455,16.3996
5#32#6_7#40#8_7#32#8_3#32#8,1x24x96x96,0.2127,230.6757,0.2236,22.0409
3#40#8_7#40#3,1x24x80x80,0.2973,66.6501,0.0558,6.5708
3#40#6_5#40#6_3#32#3_7#32#6,1x16x80x80,0.2541,101.6294,0.1242,9.8810
7#40#6_3#32#6_3#40#3,1x16x80x80,0.2511,68.8271,0.0811,6.6336
7#32#3_7#40#8_7#40#3_7#32#6,1x16x96x96,0.2565,163.4724,0.1454,15.8604
3#40#8_3#32#3_5#40#6_3#40#8,1x24x80x80,0.2329,139.0397,0.1737,12.4164
7#40#3_7#32#3_5#40#6,1x24x112x112,0.2402,139.3181,0.0713,13.1225
7#32#3_3#40#3,1x32x96x96,0.2941,64.5949,0.0294,5.9038
7#40#6_7#40#8,1x24x112x112,0.2518,184.0581,0.1137,16.7449
5#40#3_5#32#8,1x24x112x112,0.2840,132.1681,0.0940,12.0348
7#40#6_3#32#3_3#40#6,1x16x80x80,0.2430,65.7075,0.0698,6.4475
7#40#8_5#32#8,1x32x80x80,0.2561,130.1320,0.1440,11.3781
3#32#6_3#32#3_7#40#6,1x24x112x112,0.2461,149.9103,0.0747,14.2918
5#32#6_5#32#3_3#40#8,1x16x80x80,0.2519,66.1924,0.0815,6.6467
7#32#3_5#32#6,1x16x112x112,0.3140,69.5137,0.0413,7.3745
3#40#8_7#32#8_5#32#8,1x32x80x80,0.2482,160.9871,0.1975,14.4148
5#32#8_5#40#8_7#32#6_3#40#6,1x32x112x112,0.1888,353.8053,0.2085,30.3355
5#40#3_3#32#8,1x16x80x80,0.3209,53.9663,0.0864,5.0313
3#32#6_5#40#3_5#40#6,1x16x96x96,0.2494,101.4897,0.0821,10.0225
3#40#8_7#40#3_3#32#8,1x16x112x112,0.2569,172.9987,0.1195,16.3932
5#40#8_3#40#6_7#32#3,1x16x96x96,0.2376,117.0345,0.0942,11.6780
3#32#6_7#40#8_5#32#3_3#32#6,1x32x80x80,0.2463,137.9845,0.1496,12.5153
5#40#8_7#40#8_5#40#8_3#32#8,1x16x80x80,0.2287,174.6514,0.2709,15.8989
3#32#3_3#32#3_5#40#6_3#40#6,1x24x112x112,0.2423,180.5654,0.1133,16.0617
7#32#6_5#32#6,1x32x112x112,0.2581,165.2163,0.0734,15.0570
5#40#8_7#40#8,1x16x112x112,0.2577,158.4148,0.1064,15.1782
7#32#6_7#32#6_5#32#3_7#32#8,1x16x80x80,0.2639,97.5964,0.1205,10.3193
7#40#6_5#32#8,1x24x80x80,0.2663,87.2819,0.1096,8.2918
3#40#3_7#40#3_7#32#3,1x32x96x96,0.2675,102.0227,0.0572,9.4725
7#32#3_7#40#8_7#40#8_7#40#8,1x24x112x112,0.2105,335.7910,0.2461,29.6011
7#32#3_7#40#3_3#40#3,1x16x96x96,0.2830,64.2493,0.0412,6.6419
7#32#8_5#32#6_3#40#6_7#40#8,1x32x80x80,0.1848,185.2600,0.2175,16.6699
5#32#3_7#40#3,1x16x80x80,0.3380,26.8349,0.0217,2.9103
5#40#3_7#40#8_5#40#3,1x16x96x96,0.2623,121.0112,0.1136,11.4109
3#40#3_5#32#6_3#40#6_5#32#6,1x24x80x80,0.2502,118.4705,0.1567,10.7194
5#32#8_5#32#3_5#32#3_3#40#3,1x24x112x112,0.2329,168.1219,0.0750,16.5586
3#32#6_7#40#3_7#32#8,1x16x80x80,0.2830,86.9980,0.1133,8.6025
5#32#3_3#40#3_5#32#8,1x16x80x80,0.2919,72.2493,0.1031,6.8101
3#32#8_7#32#3_7#32#6_5#32#8,1x24x80x80,0.2719,118.9094,0.1389,12.0652
7#40#6_5#40#8_7#40#8,1x24x112x112,0.1926,282.4543,0.1981,24.6629
3#32#6_7#32#8_5#32#6_3#32#8,1x16x80x80,0.2650,109.4006,0.1569,11.2535
7#40#3_3#32#6_7#40#6,1x32x80x80,0.2291,97.6666,0.1088,8.6429
7#32#8_5#40#6_3#40#3_5#40#3,1x32x80x80,0.2149,143.9002,0.1360,12.9422
5#40#3_3#32#6_5#32#8_3#32#6,1x16x96x96,0.2708,143.4476,0.1477,13.8124
7#32#3_3#40#6,1x16x80x80,0.3137,37.2168,0.0425,3.7507
5#32#8_5#40#8_5#40#3,1x24x112x112,0.2075,203.5226,0.1133,19.2703
7#32#6_3#32#3,1x24x80x80,0.3060,48.1697,0.0374,5.1028
7#40#6_5#40#6_5#40#6_5#40#3,1x16x80x80,0.2374,115.2993,0.1453,10.6921
3#40#3_3#32#6_5#32#8_7#40#8,1x32x112x112,0.2181,271.7036,0.1833,23.7285
3#40#3_3#40#8_3#32#8,1x32x80x80,0.2534,118.4302,0.1760,9.7241
3#32#8_5#40#6,1x16x112x112,0.2767,101.9843,0.0550,10.5873
3#32#3_3#40#3,1x24x112x112,0.3111,61.7496,0.0238,6.1305
5#40#3_7#40#8_3#32#6_3#32#6,1x32x96x96,0.2260,203.1150,0.1888,17.8066
5#40#6_3#32#3,1x24x80x80,0.2907,54.6368,0.0447,5.3764
3#32#6_7#32#3_3#32#8_5#32#8,1x16x112x112,0.2742,185.1238,0.1332,18.5842
5#32#3_7#32#8_3#40#8_5#32#6,1x16x112x112,0.2523,232.7137,0.1744,21.4002
7#40#8_7#32#6_5#40#6_3#32#6,1x32x80x80,0.2007,184.9446,0.2091,16.2223
5#40#6_5#32#3,1x32x96x96,0.2733,113.0880,0.0587,10.3001
5#40#6_5#40#8_3#32#6_7#32#3,1x16x80x80,0.2367,117.1599,0.1642,10.8593
7#32#8_3#32#3_5#40#8,1x16x112x112,0.2319,149.2690,0.0899,15.0634
3#32#6_7#32#6_5#40#8_5#32#8,1x32x96x96,0.2279,242.8334,0.2133,22.0478
7#40#6_3#40#6_7#40#8,1x16x112x112,0.2173,215.8935,0.1546,19.3658
5#40#8_5#32#3,1x32x112x112,0.2728,191.2612,0.0792,16.2516
3#32#3_3#32#8_5#40#8,1x16x96x96,0.2456,111.9493,0.1167,10.8673
7#32#3_5#32#6_7#40#8_7#32#3,1x24x80x80,0.2514,107.9919,0.1285,10.5381
7#32#6_7#40#8_7#32#8_5#40#3,1x24x80x80,0.2074,148.2473,0.1873,14.0318
3#32#3_5#32#8_5#40#8_3#40#8,1x16x96x96,0.2407,182.9268,0.2004,16.6539
7#40#8_3#32#3_7#40#3_5#40#6,1x24x96x96,0.2115,178.7597,0.1292,17.1418
5#40#3_7#32#8_3#40#3,1x24x80x80,0.2560,86.5617,0.1112,8.1871
5#40#6_7#40#6,1x16x112x112,0.2651,119.3037,0.0708,11.6742
3#40#6_5#32#6_3#40#3_5#40#6,1x32x80x80,0.2293,145.2365,0.1614,12.4678
5#40#6_3#32#3_5#32#3_5#40#3,1x16x80x80,0.2528,65.8519,0.0608,6.6111
7#32#8_7#32#3_3#32#6_5#40#6,1x16x96x96,0.2213,132.6863,0.1048,13.9463
3#40#8_5#40#8_3#32#8,1x32x80x80,0.2439,168.3784,0.2209,14.1467
7#40#6_7#40#6,1x32x80x80,0.2431,103.0892,0.0977,9.1707
7#40#3_5#40#3_7#40#6_3#32#6,1x16x80x80,0.2732,104.2115,0.1374,9.6114
3#32#6_5#32#3_5#40#3_7#40#3,1x24x96x96,0.2544,117.8273,0.0721,11.9591
3#40#8_7#32#3_5#40#3,1x32x112x112,0.2540,218.5364,0.0931,18.4754
5#32#6_7#32#8_3#40#6,1x16x96x96,0.2195,118.9053,0.1061,12.2373
7#32#6_3#32#8_7#40#8_7#40#3,1x24x96x96,0.1999,187.2617,0.1602,18.4804
5#40#6_5#40#6_7#32#3,1x24x80x80,0.2370,95.7555,0.1025,8.9886
5#40#6_7#40#3,1x32x80x80,0.2718,79.7573,0.0594,7.1625
5#32#3_3#40#6_3#40#6_7#40#6,1x24x96x96,0.2317,173.2335,0.1577,15.5851
5#32#8_3#32#6,1x24x80x80,0.2714,68.5425,0.0681,7.0639
7#40#3_3#40#6,1x32x80x80,0.2686,66.2113,0.0695,5.6144
3#32#6_7#40#6,1x24x112x112,0.2745,127.9286,0.0625,12.2062
5#40#6_3#32#6_3#32#6_7#40#8,1x24x112x112,0.1965,265.0729,0.1725,23.9083
3#32#8_7#40#8_7#32#3,1x24x96x96,0.2463,154.0951,0.1154,15.3118
5#40#6_3#40#8_7#40#6,1x24x112x112,0.2016,242.4937,0.1644,20.9889
7#32#8_5#32#3,1x32x96x96,0.2822,130.8308,0.0717,12.1161
3#40#8_5#32#3,1x16x80x80,0.3186,43.5103,0.0385,4.8116
7#32#8_5#40#3_5#40#8_7#32#3,1x24x80x80,0.2318,136.0307,0.1575,12.8373
3#40#6_7#32#3_5#32#3_7#32#3,1x16x80x80,0.2874,66.0311,0.0608,6.9134
3#32#8_7#32#3_5#32#6,1x16x96x96,0.2674,88.5786,0.0660,10.0213
5#40#3_5#40#8_7#32#6,1x32x96x96,0.2254,174.1215,0.1567,15.1993
5#32#8_7#32#6_5#40#3,1x24x96x96,0.2202,129.5078,0.0868,13.3988
3#32#8_5#32#8_7#40#3_3#40#6,1x32x96x96,0.2270,224.5658,0.1787,19.9435
3#40#6_3#32#6_7#32#8_3#32#6,1x16x80x80,0.2621,111.3185,0.1560,10.9071
5#32#6_3#40#6_5#32#6,1x24x112x112,0.2223,192.9372,0.1153,17.5558
5#32#3_7#32#6,1x16x112x112,0.3160,73.5780,0.0426,7.8571
7#40#6_5#40#6,1x32x96x96,0.2307,143.4501,0.0955,12.8302
7#32#6_5#40#8_3#40#3_5#40#6,1x32x80x80,0.2142,152.8064,0.1714,13.6019
3#32#6_7#40#8,1x16x96x96,0.2769,85.7830,0.0722,8.9553
7#40#6_3#40#6_5#32#6_7#40#8,1x24x96x96,0.1903,219.6677,0.1959,20.3084
7#32#8_3#32#3,1x16x80x80,0.3159,37.2352,0.0313,4.5442
3#32#3_5#40#6_5#40#8_3#32#6,1x24x112x112,0.2408,254.9728,0.1848,21.9270
7#32#6_7#32#8_5#40#8_5#40#3,1x16x96x96,0.2153,165.2654,0.1493,16.7265
3#40#6_7#32#8_3#32#3,1x16x96x96,0.2644,118.6150,0.1104,11.8306
5#40#6_3#32#6,1x32x96x96,0.2562,133.0176,0.0910,11.7018
7#32#6_5#40#6,1x24x112x112,0.2500,130.6381,0.0633,12.5554
5#40#8_5#32#3_5#32#3_3#32#6,1x24x112x112,0.2540,202.3086,0.1035,19.3754
3#40#3_5#32#3_3#32#3,1x32x112x112,0.2739,117.1779,0.0471,10.4233
7#40#6_3#40#3,1x16x96x96,0.2902,55.0687,0.0330,6.1631
3#32#8_3#32#6_5#32#3_3#40#6,1x16x112x112,0.2339,165.2291,0.0999,16.3513
3#32#6_5#40#3,1x32x112x112,0.2953,136.1004,0.0498,11.8471
7#32#3_3#40#3_3#40#6_3#40#3,1x24x96x96,0.2553,122.2138,0.0976,11.2820
5#40#8_3#40#8_5#32#8,1x16x112x112,0.2241,234.7336,0.1837,20.9454
7#32#6_7#40#8_7#40#6_5#40#8,1x16x112x112,0.2200,301.1251,0.2160,27.1614
5#32#6_3#40#3_5#40#3_5#32#6,1x24x80x80,0.2424,104.8353,0.1134,9.9090
7#32#3_7#40#3_3#40#6,1x16x112x112,0.2682,120.9610,0.0756,11.0162
5#40#6_3#32#6,1x32x112x112,0.2527,181.0340,0.0910,15.2967
5#32#8_7#40#3_5#40#3_7#40#8,1x16x80x80,0.2393,115.0925,0.1414,11.2783
7#40#6_3#40#8,1x24x96x96,0.2455,121.9720,0.1080,11.1714
7#32#6_7#40#6,1x16x80x80,0.2806,52.1958,0.0529,5.5700
3#32#3_7#40#3_3#32#8_7#40#3,1x24x112x112,0.2480,186.3423,0.1218,16.6009
7#32#6_7#40#8,1x16x96x96,0.2662,89.7644,0.0739,9.4514
5#32#3_5#32#8_5#40#8,1x16x112x112,0.2457,160.9313,0.1194,15.2795
7#32#6_7#32#6,1x16x96x96,0.2880,68.6638,0.0500,7.8846
5#32#6_7#40#3_7#32#3_7#32#3,1x16x80x80,0.2666,70.6391,0.0637,7.3088
7#32#3_5#32#3_3#40#8,1x24x96x96,0.2479,96.3849,0.0801,9.3799
3#40#6_5#40#3,1x16x112x112,0.2980,72.9180,0.0323,7.8356
5#40#3_5#32#6_7#32#8,1x16x112x112,0.2632,165.2444,0.1187,15.8350
5#32#6_3#40#6_7#32#6_5#40#8,1x16x96x96,0.2100,178.9875,0.1643,17.1069
5#40#3_7#40#3_5#40#8,1x24x80x80,0.2460,90.0591,0.1165,8.2899
5#32#6_7#32#6_7#32#6,1x16x80x80,0.2537,74.2815,0.0861,8.1139
5#40#3_3#40#8,1x24x96x96,0.2750,93.4312,0.0923,8.2588
5#32#6_5#32#6_3#32#6,1x32x96x96,0.2249,149.7231,0.1052,14.1721
5#32#6_7#32#3_5#32#6_3#32#8,1x16x112x112,0.2657,171.3613,0.1142,17.3438
3#32#3_3#32#6,1x32x112x112,0.2949,98.0669,0.0468,8.7272
5#32#3_5#40#6_3#40#3_3#32#6,1x32x96x96,0.2313,156.8993,0.1243,13.8836
5#32#8_3#40#8_7#40#6,1x24x96x96,0.1980,176.3287,0.1486,16.8490
3#32#3_3#32#8_7#40#3,1x24x96x96,0.2547,92.4404,0.0784,9.2255
3#32#6_7#40#3,1x32x112x112,0.2977,138.8099,0.0507,12.1619
3#32#6_3#40#8,1x24x96x96,0.2680,97.9919,0.0789,9.4712
5#32#6_5#32#6_3#32#6_5#32#8,1x24x96x96,0.2400,167.2225,0.1478,16.8745
3#32#6_7#40#8_3#40#8,1x16x96x96,0.2275,151.4522,0.1536,14.0776
7#32#8_3#40#3_7#40#8,1x24x112x112,0.2123,231.5863,0.1379,21.3893
3#40#6_7#40#6_5#40#8_7#32#8,1x16x80x80,0.2504,162.5185,0.2403,14.9122
3#40#3_3#32#3_7#40#8,1x24x96x96,0.2490,112.9952,0.0906,10.8756
5#32#6_5#40#6,1x24x112x112,0.2525,126.5738,0.0620,12.0655
3#32#8_3#32#6_5#40#3,1x24x80x80,0.2544,81.6543,0.0816,8.0722
7#32#6_7#32#6_7#40#8_3#40#6,1x24x112x112,0.1994,277.7674,0.1765,25.5067
7#40#6_5#40#8,1x16x112x112,0.2611,139.8461,0.0982,13.0071
7#40#6_3#32#8,1x16x80x80,0.2864,64.7214,0.0941,6.2229
7#40#8_5#40#3,1x16x112x112,0.2788,91.4867,0.0405,9.9651
5#40#3_3#40#3_3#32#8,1x16x96x96,0.2746,102.3027,0.1055,9.4172
3#40#3_5#32#6,1x16x96x96,0.3077,66.7192,0.0607,6.5787
7#32#8_7#40#6_7#40#8,1x32x80x80,0.1837,165.5808,0.1857,14.8957
7#40#3_3#32#3_7#32#3_3#40#3,1x24x80x80,0.2626,66.4012,0.0593,6.4375
3#40#8_7#32#6_5#40#6_7#40#3,1x24x112x112,0.2188,267.3879,0.1512,24.5425
7#32#3_5#40#3_5#40#3,1x24x96x96,0.2609,77.4486,0.0461,7.8488
7#40#6_3#40#8,1x24x112x112,0.2456,165.9948,0.1080,14.5789
5#40#6_5#40#3_7#40#8,1x24x112x112,0.2158,216.8809,0.1326,19.6310
3#32#6_3#40#6_5#32#3_5#32#6,1x32x80x80,0.2493,125.0678,0.1269,11.3352
5#40#6_3#32#8,1x32x96x96,0.2510,147.9680,0.1184,12.8178
3#32#8_5#40#3_5#32#8_7#32#6,1x16x112x112,0.2522,224.0681,0.1521,21.5206
5#32#6_3#40#3_3#40#3_5#40#3,1x24x96x96,0.2490,122.8070,0.0775,12.1827
3#32#6_5#40#3_7#32#8_7#32#3,1x24x80x80,0.2596,115.4511,0.1377,11.1039
3#32#3_7#40#3_5#40#6,1x16x96x96,0.2682,91.8651,0.0769,8.7955
7#32#8_7#32#6,1x16x80x80,0.2892,53.9914,0.0561,6.3148
3#40#3_7#32#6_7#40#6,1x24x96x96,0.2377,130.7539,0.1073,12.5308
5#40#8_5#32#3_7#40#8,1x24x96x96,0.2114,159.5694,0.1178,15.6291
5#40#8_5#40#8,1x24x80x80,0.2445,99.0904,0.1207,9.1974
5#32#6_3#40#3_3#40#6,1x24x96x96,0.2248,120.3341,0.0916,11.3582
7#32#6_7#32#3,1x16x80x80,0.3228,33.6988,0.0269,3.9624
5#32#6_7#32#6_5#40#8,1x16x96x96,0.2196,122.7392,0.1077,12.5957
3#40#6_5#40#6_7#32#3,1x24x112x112,0.2441,183.5686,0.1012,16.7027
5#40#3_5#32#6,1x16x80x80,0.3138,47.0339,0.0612,4.6361
5#40#8_3#32#6,1x24x80x80,0.2676,82.0460,0.0892,7.7996
7#40#3_5#32#8,1x32x80x80,0.2787,80.1838,0.0992,7.0527
7#32#3_3#40#3_7#40#6_5#32#6,1x32x112x112,0.2388,240.2632,0.1421,20.7442
7#32#6_3#32#6,1x16x112x112,0.2889,82.6127,0.0465,8.9865
5#32#6_5#32#8_3#40#8,1x32x80x80,0.2024,125.2168,0.1478,11.4061
5#40#6_7#40#6_5#40#8_5#32#8,1x24x96x96,0.2086,254.1745,0.2504,22.8705
3#32#6_3#40#8_5#32#3,1x24x80x80,0.2556,87.3992,0.0994,8.2847
7#32#3_5#40#6_3#40#6,1x32x112x112,0.2166,184.7516,0.1066,15.5691
5#40#6_5#40#6_7#32#8,1x16x80x80,0.2453,110.2177,0.1546,10.4626
5#40#3_3#32#6_3#40#6_7#32#8,1x16x112x112,0.2584,241.5990,0.1815,21.3060
5#40#8_3#32#8,1x24x112x112,0.2522,181.1046,0.1166,16.3819
7#40#8_5#32#8_5#32#6_5#40#8,1x32x80x80,0.1837,194.2856,0.2379,17.2777
3#32#8_3#32#6_3#32#8_5#40#6,1x16x96x96,0.2230,150.3355,0.1414,15.2460
5#40#3_5#40#6,1x16x112x112,0.2916,94.1624,0.0618,8.7685
7#40#8_7#40#6_7#32#3_3#32#3,1x32x80x80,0.2215,155.3526,0.1525,13.8076
7#32#8_7#32#8_5#40#6_5#40#6,1x24x112x112,0.1893,300.8553,0.1876,28.0794
7#32#6_3#40#6_3#40#8,1x32x80x80,0.2005,131.6721,0.1560,11.3905
5#40#8_3#32#3_3#32#6,1x32x80x80,0.2344,118.3181,0.1116,10.4327
7#40#8_5#40#3_7#32#8,1x16x96x96,0.2431,143.2100,0.1265,14.4709
7#40#6_5#40#6_5#40#6_7#32#8,1x16x96x96,0.2268,214.8869,0.2111,19.9789
3#40#8_5#40#6_7#40#6_3#32#8,1x16x96x96,0.2329,210.9460,0.2116,19.4800
5#32#3_7#32#3_7#40#6,1x32x112x112,0.2376,147.8461,0.0680,13.3243
7#32#6_5#32#3_3#32#8,1x32x112x112,0.2337,199.1542,0.1040,18.1590
7#40#6_7#40#8,1x16x112x112,0.2681,148.8778,0.1011,14.0901
3#32#8_5#40#6,1x24x112x112,0.2664,143.1388,0.0710,13.6970
3#32#3_3#32#8,1x32x80x80,0.2980,57.5350,0.0662,5.3143
7#40#3_3#32#8,1x32x80x80,0.2818,75.5758,0.0963,6.4439
3#32#8_3#40#8,1x24x96x96,0.2661,113.1500,0.0891,11.0726
7#40#8_3#40#6_5#40#8_7#40#6,1x24x80x80,0.1930,177.1807,0.2336,15.9123
7#40#6_7#40#8_5#40#8,1x24x80x80,0.2030,144.1651,0.1981,13.0910
7#32#8_5#40#3,1x24x96x96,0.2732,93.2152,0.0515,9.8462
7#32#3_5#40#3_7#40#8_3#40#6,1x32x112x112,0.2351,265.0706,0.1709,22.3151
3#32#3_7#32#6,1x24x112x112,0.3031,88.1560,0.0464,9.0246
7#40#3_7#32#8_5#40#6,1x16x112x112,0.2464,183.3641,0.1308,16.7757
7#32#3_5#32#3,1x32x96x96,0.3074,61.8670,0.0281,5.9476
7#32#3_5#32#3_7#32#6_7#40#3,1x32x80x80,0.2502,88.1987,0.0812,8.3939
5#32#6_3#40#6,1x32x112x112,0.2426,163.2092,0.0728,14.1021
3#40#3_7#32#3,1x24x96x96,0.3158,56.5974,0.0319,5.8656
3#32#6_3#40#8,1x24x80x80,0.2782,68.0635,0.0789,6.5219
5#40#3_5#40#6,1x32x96x96,0.2576,98.3148,0.0708,8.5737
3#40#8_7#40#6,1x32x80x80,0.2739,115.6987,0.1141,9.9251
5#32#3_5#32#8,1x24x96x96,0.2892,74.3909,0.0653,7.7628
3#32#6_7#40#3_7#40#3_7#40#6,1x32x80x80,0.2506,132.5030,0.1297,11.8379
7#40#8_7#32#3,1x16x96x96,0.2924,70.4445,0.0419,8.0138
7#32#3_5#40#6,1x24x80x80,0.2878,48.8027,0.0489,4.8872
5#40#3_7#32#6,1x16x80x80,0.3195,50.4899,0.0633,5.0406
3#32#6_7#32#3_3#40#6_5#40#8,1x16x80x80,0.2454,108.1108,0.1460,10.1332
3#40#6_7#40#6,1x24x96x96,0.2706,109.5283,0.0817,10.5583
3#32#6_3#40#3,1x32x80x80,0.3069,68.0678,0.0490,6.0099
5#32#3_7#32#8_5#32#3_3#32#6,1x24x96x96,0.2687,130.1523,0.1142,13.3317
5#40#6_5#40#6_3#32#6,1x16x112x112,0.2287,177.5386,0.1215,16.1708
5#40#3_7#40#3_5#40#6,1x24x112x112,0.2423,151.8493,0.0877,13.9670
7#40#3_7#32#8,1x32x80x80,0.2871,84.7918,0.1021,7.6615
3#40#8_7#40#3_7#40#8,1x24x112x112,0.2303,238.0370,0.1431,21.6798
7#32#3_3#40#6_5#40#3,1x32x112x112,0.2301,149.2040,0.0716,13.0389
5#40#3_7#32#6_3#32#6,1x24x112x112,0.2478,160.3148,0.1016,15.0286
7#32#8_3#40#3_5#32#6_5#32#6,1x16x80x80,0.2463,102.3596,0.1238,10.3748
3#40#6_5#32#6,1x24x96x96,0.2792,103.0771,0.0789,9.9339
7#32#6_3#40#8,1x16x80x80,0.2730,54.9750,0.0693,5.5678
5#32#8_7#32#6_7#40#8_3#32#6,1x16x96x96,0.2222,184.2258,0.1687,18.3740
3#32#8_3#40#6_3#40#8_7#32#6,1x32x96x96,0.2259,264.2637,0.2291,22.6217
5#32#8_3#32#3_3#32#3,1x32x80x80,0.2581,97.0148,0.0807,8.8328
5#32#8_3#32#8_3#40#3,1x16x96x96,0.2315,98.7674,0.0852,10.5520
5#40#8_3#32#3_7#40#8_3#32#6,1x24x112x112,0.2164,278.7922,0.1696,25.2392
3#32#3_3#32#8_7#32#6,1x32x96x96,0.2465,123.1078,0.1032,11.7033
7#40#8_5#40#3_3#32#8_3#40#3,1x16x112x112,0.2228,205.2413,0.1351,19.1764
5#32#8_7#40#6_3#32#8_7#40#8,1x24x96x96,0.1874,237.2301,0.2156,22.3126
7#40#6_7#32#8,1x24x112x112,0.2628,180.0440,0.1125,16.7601
5#32#8_3#40#8,1x16x112x112,0.2588,116.4493,0.0743,11.7122
5#32#6_7#40#6,1x24x112x112,0.2537,131.9928,0.0638,12.6960
3#40#6_5#40#3_5#40#3,1x32x112x112,0.2474,184.3804,0.0768,16.1096
5#40#8_5#40#8,1x32x80x80,0.2382,128.4936,0.1430,10.9554
7#40#6_3#32#6_5#40#3_7#32#6,1x16x96x96,0.2332,158.8070,0.1391,15.2667
7#32#6_3#40#3_3#40#3_7#32#3,1x24x96x96,0.2414,129.0186,0.0802,12.9155
5#40#6_3#40#3,1x24x96x96,0.2717,77.9313,0.0443,7.9203
5#32#6_5#40#3,1x32x96x96,0.2716,103.9795,0.0516,9.6315
5#40#6_7#40#8_5#32#3_5#40#6,1x24x112x112,0.2015,276.1070,0.1712,24.6350
5#40#3_7#32#6_3#40#6,1x24x96x96,0.2305,124.2843,0.1045,11.7043
7#40#6_7#32#8,1x24x96x96,0.2653,132.2939,0.1125,12.8574
7#40#8_3#32#6_7#40#6,1x16x112x112,0.2141,183.2499,0.1131,17.4592
5#40#3_5#32#3_3#32#8,1x16x112x112,0.2766,116.9019,0.0796,11.4561
3#40#8_3#32#6,1x24x112x112,0.2793,155.3439,0.0874,14.2099
3#32#3_3#32#3_3#32#6,1x32x80x80,0.2767,61.2628,0.0590,5.6859
5#32#6_7#32#8_3#40#6,1x24x96x96,0.2067,142.7264,0.1178,14.2152
7#40#6_7#32#6,1x24x112x112,0.2635,155.1864,0.0837,14.6767
3#32#3_3#40#6_3#40#3_7#32#3,1x16x80x80,0.2805,73.9937,0.0823,7.0670
5#40#8_3#40#6_5#32#8,1x16x96x96,0.2266,156.0617,0.1557,14.7323
3#40#6_7#40#6_3#32#3_5#32#3,1x32x112x112,0.2453,250.3644,0.1267,21.7052
5#32#3_3#40#3_5#40#8_5#40#8,1x32x112x112,0.2347,282.0004,0.1972,23.2448
3#32#3_3#40#6_5#32#3,1x24x96x96,0.2626,91.1389,0.0664,8.7473
5#40#6_7#32#6_3#32#8,1x24x80x80,0.2272,107.0574,0.1353,10.2828
3#32#8_3#32#3_7#40#8,1x24x96x96,0.2422,139.9178,0.1060,14.0091
5#40#6_5#32#6_5#40#8_7#40#8,1x24x80x80,0.1947,167.4478,0.2261,15.2570
7#40#8_7#32#6_5#40#3,1x16x80x80,0.2390,83.8323,0.0927,8.4994
7#40#6_5#32#8_3#32#3,1x16x112x112,0.2508,157.8138,0.1092,15.1079
7#40#8_3#32#8,1x32x96x96,0.2432,180.7176,0.1411,15.5212
3#40#8_3#40#6_5#32#3_7#40#6,1x24x112x112,0.2164,258.8831,0.1485,23.1875
3#32#6_5#32#8,1x24x112x112,0.2822,130.1507,0.0777,12.8247
3#32#3_3#40#6,1x24x96x96,0.2858,63.2989,0.0459,6.1432
5#32#3_7#40#3_5#40#8,1x16x112x112,0.2622,150.9868,0.1060,13.5105
5#32#8_3#40#8_3#40#8_5#32#8,1x16x80x80,0.2288,153.2314,0.2388,14.0305
5#32#3_3#40#6_5#40#8,1x24x80x80,0.2352,95.2283,0.1309,8.5958
7#40#8_7#32#6,1x32x80x80,0.2549,122.0475,0.1181,10.7786
3#32#3_7#40#6_5#32#6,1x32x112x112,0.2409,189.5183,0.1082,16.4151
5#32#8_5#32#6_3#32#6_7#32#6,1x32x96x96,0.2279,216.2586,0.1621,20.2534
7#40#6_5#40#8_7#40#8_5#32#3,1x16x80x80,0.2320,145.5483,0.2060,13.3937
7#40#8_5#40#6_5#40#8,1x32x80x80,0.1776,169.8427,0.2009,14.5456
7#32#6_7#40#3_3#40#8,1x16x96x96,0.2379,118.9100,0.1105,11.2588
3#32#6_3#40#8_5#32#3_7#40#6,1x32x112x112,0.2176,275.5937,0.1514,23.8257
7#32#6_3#40#8_5#32#8_3#32#6,1x32x80x80,0.2110,164.9848,0.2110,14.8574
5#40#3_5#40#6_3#32#8_3#32#8,1x32x96x96,0.2266,204.1247,0.2039,17.7469
3#32#8_5#40#6,1x24x96x96,0.2675,105.1730,0.0710,10.5593
5#32#6_3#40#8,1x16x80x80,0.2756,53.5926,0.0684,5.4117
5#32#8_7#32#8_7#32#3_3#32#6,1x24x80x80,0.2445,119.8310,0.1395,12.1187
5#32#8_3#40#8_7#32#6,1x16x112x112,0.2265,195.0054,0.1315,18.6450
3#32#3_7#32#6_3#32#6,1x32x112x112,0.2513,152.8776,0.0838,13.9824
5#40#8_7#32#3,1x16x112x112,0.2935,92.2644,0.0408,10.0279
5#40#6_5#40#3_5#32#3_5#40#3,1x32x80x80,0.2240,113.2416,0.0941,10.0750
5#40#6_5#32#3,1x16x80x80,0.3083,39.1035,0.0336,4.2264
3#40#3_7#40#3_7#40#3_3#40#8,1x16x112x112,0.2811,188.9306,0.1297,16.9231
3#40#8_5#40#3_5#32#3,1x32x96x96,0.2591,162.3235,0.0970,14.2346
5#40#6_5#40#6_5#32#3_5#32#8,1x24x80x80,0.2273,127.6475,0.1566,12.0234
3#40#3_7#32#6_3#40#8,1x32x112x112,0.2271,204.9367,0.1278,17.4653
3#32#8_3#32#8_3#40#3_5#32#8,1x24x96x96,0.2383,195.7074,0.1832,18.6065
5#40#8_7#40#6_7#40#6,1x32x96x96,0.1873,231.0840,0.1741,20.2800
3#32#8_3#40#6,1x32x96x96,0.2720,140.8717,0.0904,12.2091
5#32#6_5#32#3,1x32x80x80,0.2950,68.9382,0.0494,6.3928
5#40#3_3#32#8,1x32x112x112,0.2714,145.3655,0.0954,12.0535
5#40#8_7#40#3,1x32x112x112,0.2610,193.6445,0.0799,16.5801
3#32#6_3#32#6_5#40#6_5#40#6,1x32x80x80,0.2227,143.3948,0.1619,12.7506
7#32#6_3#32#3_3#32#6_7#40#8,1x24x96x96,0.2135,163.0431,0.1318,16.2194
5#32#6_3#40#6_5#40#6,1x32x112x112,0.1970,236.9987,0.1284,20.1899
5#32#8_5#40#8_5#40#8,1x24x112x112,0.1918,265.0317,0.1775,23.8123
5#32#8_3#40#3_7#40#8,1x32x112x112,0.2080,281.9773,0.1578,23.9668
3#32#8_3#40#8_7#40#6_5#32#6,1x32x112x112,0.2257,360.3405,0.2231,30.4156
5#32#6_3#40#6_7#32#8,1x24x112x112,0.2255,224.5686,0.1463,20.4511
3#40#3_5#40#3_5#40#6,1x24x112x112,0.2493,146.4303,0.0860,13.3262
5#32#6_5#40#8_7#40#6_5#32#6,1x24x80x80,0.2170,151.5809,0.1952,13.9738
3#40#3_5#32#6_3#32#3_3#32#8,1x32x96x96,0.2633,154.0905,0.1344,14.0029
7#40#8_7#40#6,1x32x96x96,0.2234,177.1950,0.1187,15.6718
5#32#8_3#40#8,1x16x112x112,0.2552,116.4493,0.0743,11.7122
5#32#8_5#40#8_7#32#6_3#40#3,1x24x112x112,0.1960,273.5959,0.1647,25.1882
3#40#8_7#32#6_7#32#8_5#40#8,1x32x96x96,0.2092,274.8764,0.2296,24.7001
7#32#6_7#32#3,1x24x96x96,0.2987,73.3386,0.0391,8.0437
7#40#6_7#40#6_7#40#8,1x32x80x80,0.1934,157.9244,0.1849,13.9807
5#40#6_7#32#6_7#32#6,1x16x96x96,0.2386,126.4604,0.1072,13.0091
3#32#6_5#40#8_3#40#3,1x32x112x112,0.2282,214.7871,0.1123,18.6433
3#40#3_5#40#3_3#32#3,1x16x80x80,0.2975,46.1353,0.0454,4.6087
7#40#3_7#32#8_5#32#3_5#32#8,1x32x96x96,0.2517,188.6157,0.1703,17.5716
3#40#8_3#32#6_3#32#3_3#40#6,1x32x96x96,0.2242,210.1007,0.1578,17.9624
7#40#8_3#32#6_5#40#8_3#32#3,1x16x112x112,0.2215,230.4123,0.1512,21.4429
3#40#6_5#40#6,1x24x80x80,0.2746,72.6182,0.0795,6.7595
7#40#3_5#40#3_5#40#8,1x16x112x112,0.2619,157.0109,0.1111,14.1226
5#32#6_3#40#3_5#40#8,1x16x80x80,0.2447,83.0556,0.1108,7.8268
7#32#3_5#32#8_3#40#6_3#40#8,1x32x96x96,0.2119,196.5921,0.1881,17.2069
3#32#6_7#40#6_5#32#3,1x24x80x80,0.2608,84.6200,0.0830,8.2869
5#32#8_5#40#8_3#32#8_5#40#3,1x32x96x96,0.1946,249.0271,0.2103,21.7372
5#40#3_7#32#6,1x24x112x112,0.2909,116.3421,0.0681,11.0344
7#40#8_5#32#8_5#40#3_3#32#3,1x16x96x96,0.2311,157.6837,0.1381,15.4259
3#40#6_7#32#6_7#32#3_7#32#3,1x32x80x80,0.2629,124.5000,0.1215,11.2658
7#32#8_5#32#8_7#32#6,1x16x80x80,0.2403,87.6114,0.1113,9.5665
7#32#3_3#32#6_7#32#6_3#40#3,1x24x96x96,0.2330,120.9404,0.0956,12.1463
7#32#8_3#40#8,1x32x112x112,0.2260,222.4456,0.1149,19.1024
5#40#3_3#32#8,1x32x80x80,0.2835,74.1934,0.0954,6.2878
5#32#3_3#32#8,1x32x112x112,0.2768,115.4422,0.0670,10.3740
3#32#8_5#40#3_5#32#3_7#32#3,1x24x112x112,0.2624,181.3212,0.0825,17.6063
3#40#6_7#40#3,1x16x112x112,0.3009,76.3049,0.0334,8.2372
5#32#8_5#40#8,1x16x96x96,0.2515,90.8739,0.0766,9.6474
5#40#6_7#32#8_3#40#6_5#32#6,1x32x96x96,0.2007,252.7846,0.2156,22.4299
5#40#3_7#32#6,1x32x112x112,0.2754,138.5713,0.0724,12.1361
5#32#3_5#40#3_7#40#6,1x24x96x96,0.2472,108.0503,0.0831,10.3801
5#40#6_5#40#3,1x24x112x112,0.2697,109.4531,0.0454,10.6301
7#32#6_5#40#8_7#32#6_7#40#6,1x24x80x80,0.2033,148.4710,0.1809,14.0436
7#40#8_7#32#8,1x16x96x96,0.2725,116.1073,0.1063,11.9113
3#32#6_5#40#6_3#32#3_5#40#3,1x24x96x96,0.2326,138.2269,0.0954,13.3157
7#32#3_5#40#6_5#40#6,1x32x80x80,0.2217,97.7434,0.1088,8.6052
3#40#3_5#32#8_7#40#3_3#32#6,1x32x112x112,0.2407,250.5196,0.1664,21.1210
5#32#6_5#40#8_3#32#6,1x32x112x112,0.2104,251.7146,0.1478,21.6081
3#32#8_7#40#8_5#32#3,1x24x112x112,0.2431,206.3324,0.1143,19.5665
5#40#3_7#32#3_3#40#3_3#40#8,1x16x112x112,0.2671,179.4191,0.1236,15.7275
3#32#3_7#40#3,1x16x96x96,0.3263,37.6443,0.0213,4.1653
7#40#8_7#32#3,1x24x96x96,0.2745,104.6646,0.0597,10.8164
3#40#6_7#40#6,1x32x96x96,0.2646,140.4641,0.0942,12.4644
3#32#3_7#32#3_5#32#8_7#40#8,1x16x96x96,0.2542,142.6985,0.1352,14.2999
3#40#3_3#40#3,1x16x80x80,0.3273,26.7996,0.0248,2.8459
5#32#8_5#40#8_3#40#8_5#32#3,1x16x80x80,0.2332,128.0742,0.1786,11.9933
7#40#8_7#32#6_5#32#3_7#32#3,1x32x112x112,0.2265,291.2440,0.1451,25.7044
7#32#8_7#32#6,1x32x96x96,0.2559,152.9631,0.0956,14.3166
5#40#6_5#40#3_5#32#8_5#40#6,1x32x96x96,0.1962,224.4869,0.1796,20.0022
3#32#3_3#40#8_5#32#6_3#32#8,1x24x96x96,0.2455,171.0934,0.1736,15.8599
5#32#8_5#40#6_3#40#6_5#40#6,1x32x96x96,0.2039,253.6264,0.2035,21.9955
3#32#6_3#40#8_3#40#6,1x16x80x80,0.2368,86.4169,0.1210,8.0293
5#32#3_7#40#6_7#32#3_5#40#6,1x16x80x80,0.2567,92.8333,0.1053,9.0064
3#32#8_7#40#8,1x24x96x96,0.2631,123.7668,0.0938,12.4010
3#40#3_7#40#3,1x32x96x96,0.2955,71.6943,0.0356,6.5617
3#32#8_5#32#3,1x24x80x80,0.3185,55.9334,0.0459,5.8079
3#40#8_5#32#6_5#32#6,1x32x96x96,0.2372,196.4196,0.1466,17.2715
5#40#6_5#40#8_5#40#3,1x24x80x80,0.2203,106.0800,0.1297,9.7477
3#32#6_3#32#8_3#40#8_5#40#8,1x16x96x96,0.2204,190.5608,0.2048,17.6437
5#32#8_5#40#6_7#40#8_3#40#8,1x16x80x80,0.2169,154.3434,0.2248,14.2723
5#40#3_5#40#3_3#40#8_5#40#3,1x32x112x112,0.2437,223.1537,0.1370,18.7903
3#40#8_3#40#3,1x32x96x96,0.2903,131.9951,0.0754,11.3238
5#32#8_3#40#6_7#40#3_7#40#8,1x16x96x96,0.2161,182.1384,0.1629,17.6408
5#40#6_3#32#6_3#40#3,1x16x112x112,0.2371,132.1533,0.0802,12.4442
5#32#8_5#32#8,1x24x112x112,0.2564,156.1989,0.0898,15.5766
3#32#6_7#40#6_7#40#3,1x24x80x80,0.2448,85.8360,0.0837,8.4570
7#40#6_7#32#8_5#32#3_3#40#6,1x16x80x80,0.2320,113.4868,0.1494,10.9574
3#32#8_7#40#6,1x32x80x80,0.2816,103.3728,0.0939,9.2618
5#32#6_7#40#3_7#40#6_7#32#6,1x16x96x96,0.2391,168.1705,0.1431,16.4511
7#40#6_7#40#3_5#40#6_7#32#3,1x24x80x80,0.2294,118.3808,0.1250,11.1708
3#32#6_5#40#6_7#40#8,1x24x112x112,0.2204,229.9374,0.1480,20.5766
7#40#3_7#32#8_5#32#3,1x32x80x80,0.2554,97.3916,0.1151,8.8965
5#32#3_3#40#3,1x32x80x80,0.3037,43.4780,0.0285,3.8411
5#40#8_7#32#3,1x24x96x96,0.2770,100.6833,0.0579,10.3124
3#40#3_7#40#6_3#40#3,1x16x80x80,0.2753,67.9183,0.0826,6.4287
5#32#3_3#32#8_5#32#6_5#40#6,1x16x80x80,0.2509,94.4328,0.1319,9.3587
7#32#3_3#40#6_3#40#8_3#40#6,1x24x80x80,0.2394,125.8638,0.1821,10.8949
3#40#3_7#32#6_7#40#3,1x16x80x80,0.2771,67.0577,0.0790,6.4822
5#32#8_7#40#3_3#40#8_5#32#8,1x32x96x96,0.2179,267.2563,0.2369,22.9917
5#32#8_7#40#6_7#32#8_3#32#8,1x16x80x80,0.2298,139.3746,0.1968,13.8889
7#32#3_3#32#8_7#32#3,1x24x112x112,0.2653,123.4487,0.0775,12.2894
3#40#6_5#40#6,1x32x96x96,0.2581,135.4875,0.0921,11.8221
3#32#8_5#32#6,1x16x96x96,0.2932,68.4462,0.0521,7.9171
7#32#3_7#32#8_7#40#6,1x24x80x80,0.2376,88.8739,0.1081,8.9093
5#32#6_7#32#3_7#40#8_5#40#8,1x16x80x80,0.2332,125.1748,0.1713,11.8279
7#32#8_7#32#8_3#40#6_3#32#3,1x24x80x80,0.2191,130.7269,0.1497,12.7812
5#32#3_7#40#6,1x24x112x112,0.2783,99.0191,0.0500,9.5701
5#32#3_7#32#6,1x16x80x80,0.3277,37.5496,0.0426,4.2370
3#32#6_7#32#3,1x32x112x112,0.3100,132.3873,0.0486,11.8864
5#40#3_5#32#3_5#40#3,1x32x112x112,0.2491,129.0194,0.0510,11.3283
3#32#3_7#32#6_5#32#6_5#32#6,1x24x112x112,0.2666,186.9393,0.1170,18.2740
3#40#6_3#40#6_7#32#8_5#32#8,1x16x112x112,0.2361,272.3241,0.2068,24.9314
5#40#6_3#40#8,1x16x112x112,0.2640,128.1050,0.0945,11.6094
5#40#8_7#32#8,1x24x96x96,0.2542,146.3460,0.1223,14.2099
3#32#3_5#40#3_7#32#8_3#32#3,1x16x112x112,0.2770,173.9218,0.1186,16.2316
5#40#6_5#40#8_3#40#3_3#32#6,1x16x96x96,0.2292,173.1523,0.1693,15.8864
3#32#6_5#40#8_5#40#3_3#40#3,1x16x112x112,0.2554,179.9086,0.1091,17.2109
3#40#3_3#40#8,1x32x112x112,0.2725,146.6701,0.0958,11.7235
3#40#3_7#40#3_5#40#6_3#40#3,1x24x112x112,0.2625,183.3174,0.1062,16.7022
5#40#8_5#40#3_7#32#8_7#32#8,1x32x96x96,0.2077,269.4897,0.2223,24.4828
5#40#3_7#40#8_7#32#6,1x32x96x96,0.2274,180.7570,0.1596,16.0426
7#40#8_5#40#3_7#32#3,1x16x80x80,0.2588,67.7484,0.0621,7.2161
5#32#6_3#40#6_3#32#3_5#32#6,1x24x80x80,0.2377,104.6449,0.1150,10.0934
7#40#3_5#32#6_5#32#6,1x32x80x80,0.2442,93.8522,0.1064,8.5397
5#32#8_3#32#3_5#40#3_5#40#8,1x16x96x96,0.2393,146.1238,0.1297,14.3224
5#32#3_7#32#3_5#32#8_3#40#8,1x16x80x80,0.2657,92.4365,0.1310,9.0270
5#40#6_7#32#6_3#40#6,1x24x80x80,0.2133,104.0735,0.1189,9.7250
5#32#8_7#32#6_7#40#3_5#40#8,1x24x96x96,0.2068,203.8031,0.1720,19.6124
7#40#3_5#40#6_5#32#3,1x16x80x80,0.2810,68.0847,0.0827,6.4504
7#40#8_3#40#6_3#32#6,1x32x112x112,0.2001,292.6203,0.1672,24.2406
3#32#8_5#32#8_7#32#3,1x32x96x96,0.2549,170.6030,0.1231,15.7513
5#40#3_5#40#3,1x32x112x112,0.2836,96.9021,0.0354,8.5793
7#32#3_7#32#6_7#32#6_5#40#8,1x16x80x80,0.2534,105.1592,0.1387,10.5761
3#40#8_7#40#8_7#32#8_3#40#6,1x32x80x80,0.2209,209.1520,0.2660,18.2550
3#32#8_5#32#8_5#32#3_3#32#8,1x16x80x80,0.2737,98.4847,0.1379,10.3204
7#40#8_5#32#8_3#40#3,1x32x80x80,0.2107,144.6262,0.1584,12.5887
7#32#8_3#40#6_3#32#8,1x32x96x96,0.2064,214.2085,0.1753,18.6594
5#32#6_5#32#8_5#40#3_7#32#3,1x16x80x80,0.2507,88.8945,0.1041,9.0133
7#40#6_7#32#6_3#32#3,1x16x96x96,0.2535,104.3282,0.0833,10.8086
7#32#8_7#32#6_5#40#6,1x16x96x96,0.2159,120.5166,0.0943,12.8502
5#32#8_3#40#8_3#32#6_7#40#3,1x16x112x112,0.2122,215.2812,0.1432,20.0116
7#32#3_3#32#8_5#32#8_5#32#8,1x32x96x96,0.2438,183.6119,0.1783,17.5739
7#40#8_3#32#6_3#40#8,1x16x80x80,0.2190,96.3021,0.1295,9.3203
5#32#8_7#40#8_7#40#8,1x24x112x112,0.1906,281.2887,0.1827,25.7489
5#40#6_5#40#8,1x24x96x96,0.2412,125.6215,0.1096,11.6330
3#40#3_3#40#8_3#40#3_7#32#3,1x32x112x112,0.2400,221.4477,0.1365,18.5486
5#40#8_7#40#6_5#40#3,1x16x112x112,0.2227,168.4372,0.0971,16.4530
7#40#8_3#40#8_3#32#6_5#32#8,1x16x96x96,0.2193,201.9533,0.2098,18.9467
7#40#3_5#32#6,1x24x112x112,0.2855,111.6005,0.0665,10.4616
7#32#8_3#40#6_3#40#8_7#32#6,1x24x80x80,0.2118,161.5268,0.2114,14.7765
5#40#3_3#40#3_3#32#3_5#32#8,1x16x112x112,0.2770,154.2405,0.0999,14.8826
7#32#8_3#40#3,1x32x96x96,0.2686,133.5588,0.0729,12.0724
7#40#6_5#32#8_7#40#3,1x24x80x80,0.2292,104.5409,0.1257,9.8146
3#32#6_3#40#6_3#40#6_3#40#8,1x24x96x96,0.2326,200.9469,0.1939,17.5641
3#32#3_7#40#8_5#32#3,1x32x80x80,0.2605,89.5683,0.0948,8.0577
3#40#6_7#32#3_5#40#8_7#32#3,1x16x80x80,0.2634,99.4575,0.1140,9.6756
7#40#8_5#32#8_5#32#3,1x32x96x96,0.2155,205.4948,0.1571,18.2206
3#40#3_7#32#6_5#40#6_7#40#6,1x16x96x96,0.2353,173.6740,0.1589,16.2750
7#40#6_3#32#3,1x32x96x96,0.2728,114.5810,0.0594,10.4975
7#40#8_7#40#8,1x24x112x112,0.2389,208.6011,0.1253,19.1632
3#40#6_5#40#3_7#40#3,1x24x80x80,0.2563,74.3309,0.0654,7.2302
3#32#6_5#32#3,1x32x112x112,0.3117,129.6778,0.0477,11.5716
7#32#8_5#40#3_5#40#6_7#32#3,1x32x80x80,0.2264,152.8694,0.1510,13.6117
5#40#3_7#32#3_7#32#6_3#40#8,1x32x96x96,0.2198,165.4538,0.1301,15.2058
7#40#6_7#32#3_3#32#3_3#32#6,1x32x80x80,0.2496,116.6956,0.1073,10.7792
7#40#3_7#40#8_7#32#3,1x32x112x112,0.2399,211.4299,0.1249,18.3697
3#32#6_7#40#3_5#32#8_5#32#3,1x16x96x96,0.2623,136.7567,0.1235,13.4616
5#40#8_7#32#6_3#40#3,1x32x96x96,0.2145,191.2817,0.1301,16.8378
7#40#8_7#40#6_7#32#6_5#32#3,1x32x80x80,0.2080,175.7660,0.1889,15.5964
5#32#6_3#40#3_3#40#8_3#32#8,1x24x80x80,0.2401,138.5633,0.1999,12.1807
5#32#8_7#40#3_3#40#8_7#40#6,1x16x80x80,0.2315,128.1715,0.1733,11.9275
7#32#3_5#40#6_5#32#3_5#32#3,1x32x112x112,0.2437,180.3177,0.0868,16.1429
5#32#8_5#40#6_7#40#8,1x24x112x112,0.1932,255.9857,0.1600,23.3285
3#32#8_3#32#8,1x24x96x96,0.2822,105.4822,0.0857,10.8290
5#40#3_5#32#8_3#32#8_7#40#3,1x24x80x80,0.2346,114.6520,0.1630,10.7304
3#40#8_7#32#6_7#32#6,1x16x96x96,0.2457,132.8046,0.1122,13.8024
3#40#6_5#40#6_7#40#6,1x32x112x112,0.2128,264.9590,0.1498,22.3451
5#40#8_5#40#8_5#40#3,1x24x80x80,0.2081,117.9141,0.1408,10.9134
5#32#8_7#40#6_5#40#3_3#32#6,1x32x80x80,0.2185,159.0656,0.1692,14.1931
7#32#8_7#40#6_7#40#6_5#40#3,1x24x80x80,0.2135,141.2849,0.1541,13.5872
5#40#8_7#32#3_5#32#3_5#32#8,1x32x96x96,0.2468,209.5575,0.1485,19.2177
7#32#3_3#32#6,1x16x112x112,0.3168,64.0947,0.0396,6.7440
5#32#6_7#40#8_7#40#3,1x16x80x80,0.2360,81.5171,0.0943,8.1685
3#32#3_7#40#8_7#40#3,1x32x112x112,0.2373,177.8939,0.0955,15.8619
7#32#8_5#40#8,1x16x80x80,0.2602,64.9626,0.0777,6.8739
5#40#8_7#32#8_5#32#8,1x24x80x80,0.2173,135.2704,0.1775,13.0688
7#40#3_3#32#8_3#32#8_7#40#6,1x32x96x96,0.2053,198.6565,0.1891,17.6505
7#32#6_5#40#3_5#40#8,1x24x96x96,0.2179,148.3712,0.1247,13.9655
3#40#3_3#32#3,1x16x96x96,0.3293,39.3247,0.0252,4.2281
7#40#3_3#32#6_3#40#6,1x24x96x96,0.2311,115.8240,0.1008,10.6014
5#32#6_3#40#3_3#40#3,1x32x80x80,0.2362,87.9283,0.0698,7.8673
7#32#3_5#40#6_5#40#3,1x16x112x112,0.2650,115.2317,0.0644,11.0567
3#32#8_7#40#8,1x32x112x112,0.2641,222.4456,0.1149,19.1024
7#32#8_3#40#3,1x16x96x96,0.2929,58.3316,0.0335,6.8244
7#32#3_5#32#6_3#40#6,1x16x96x96,0.2504,89.8760,0.0778,8.9106
5#32#8_7#32#3_7#32#8,1x32x96x96,0.2337,181.2198,0.1277,17.0797
5#40#6_7#32#3_3#32#3,1x24x80x80,0.2611,69.3102,0.0591,6.8893
5#40#6_7#40#6_3#32#8_5#32#6,1x24x96x96,0.2137,211.5269,0.1985,19.6143
3#32#3_5#32#6,1x32x80x80,0.3005,52.8102,0.0486,4.9654
5#40#6_7#40#3_5#32#6,1x32x112x112,0.2216,228.0817,0.1144,19.8864
7#32#8_7#32#8_7#32#6_3#32#8,1x24x96x96,0.2230,207.4255,0.1837,21.2735
3#40#3_3#32#3_7#32#6_7#32#3,1x32x112x112,0.2663,174.0206,0.0847,15.9064
3#40#6_5#32#3_3#40#6,1x16x96x96,0.2452,93.1123,0.0692,9.2958
7#40#6_5#32#3_7#40#8_7#40#3,1x32x80x80,0.2054,144.4890,0.1426,13.1041
7#32#6_5#40#8_3#32#8_5#32#6,1x24x96x96,0.2151,208.2849,0.1993,19.5730
3#40#6_3#32#8_7#40#8,1x24x80x80,0.2353,121.1579,0.1651,11.0049
7#40#8_5#32#3_7#40#6,1x32x96x96,0.2034,192.5996,0.1214,17.2892
7#32#6_7#40#6,1x24x96x96,0.2545,99.9683,0.0651,10.2252
3#40#3_7#32#6_7#32#6,1x16x80x80,0.2790,77.7723,0.0999,7.8088
3#40#8_7#40#8_7#32#6,1x32x80x80,0.2422,169.5099,0.2007,14.7647
3#40#6_3#32#8_3#40#3,1x32x80x80,0.2466,114.5062,0.1310,9.6849
7#40#6_7#32#3_5#32#6,1x32x96x96,0.2275,155.8502,0.0968,14.6634
3#32#6_3#40#3_3#40#8_3#40#3,1x16x96x96,0.2613,135.5617,0.1261,12.5195
5#32#6_7#32#3_5#40#3_3#40#3,1x32x96x96,0.2344,148.7263,0.0846,13.9886
3#40#8_7#40#8_5#32#3_3#40#3,1x32x96x96,0.2267,235.0305,0.1784,20.2963
7#40#6_5#32#6_7#40#6,1x24x96x96,0.2053,155.8111,0.1215,14.9828
5#32#6_5#32#8_5#32#8_3#32#6,1x32x80x80,0.2345,146.0224,0.1803,13.7939
3#32#8_7#40#6_7#40#8,1x16x112x112,0.2244,214.8311,0.1440,20.2187
3#40#3_3#32#8_5#40#8_5#32#8,1x32x96x96,0.2311,230.2449,0.2363,19.7415
7#32#6_3#32#3_3#40#8,1x16x112x112,0.2384,129.6968,0.0815,12.7220
3#32#3_3#32#6_3#40#6_7#32#6,1x16x80x80,0.2705,98.3731,0.1323,9.3333
5#32#6_3#32#6,1x24x96x96,0.2713,82.5316,0.0574,8.6063
7#40#8_7#40#3,1x16x112x112,0.2798,94.8736,0.0416,10.3667
7#40#8_7#40#6,1x32x96x96,0.2264,177.1950,0.1187,15.6718
3#40#8_3#40#3_7#40#8,1x24x96x96,0.2307,169.9282,0.1409,15.9592
5#32#8_3#32#3_3#40#6_5#32#3,1x16x80x80,0.2500,81.6773,0.0872,8.3532
5#40#8_7#32#8_7#32#6_3#40#8,1x16x96x96,0.2057,204.4846,0.1985,19.9391
5#32#6_7#32#3,1x32x112x112,0.2888,137.8063,0.0503,12.5169
3#32#8_5#40#3,1x24x112x112,0.2957,116.0300,0.0480,11.4420
3#40#8_5#32#8_7#40#6,1x24x112x112,0.2182,248.3589,0.1576,22.3958
5#40#3_3#40#6_3#32#6,1x32x112x112,0.2288,192.0394,0.1215,15.7877
7#40#3_3#32#3_5#40#6_7#40#3,1x24x112x112,0.2384,172.8183,0.0904,16.0969
5#32#8_3#32#3_3#40#3,1x16x112x112,0.2567,97.7603,0.0445,10.5150
3#32#8_5#32#8,1x24x96x96,0.2790,110.7907,0.0880,11.4932
3#32#6_3#32#3_5#40#6_3#40#8,1x32x112x112,0.2318,274.5554,0.1665,23.0228
7#40#6_3#32#6_5#40#3,1x32x112x112,0.2156,217.5667,0.1080,18.6031
5#40#3_3#32#8_7#40#3,1x24x112x112,0.2460,156.9596,0.1072,13.9424
5#32#6_7#40#3_5#40#8_3#40#3,1x32x96x96,0.2244,202.8892,0.1559,18.0980
7#32#3_3#40#3_5#40#8,1x24x96x96,0.2460,120.6598,0.1094,11.0068
5#40#3_3#40#3,1x32x96x96,0.2848,68.7084,0.0343,6.1964
3#32#8_3#40#3,1x24x112x112,0.2978,113.3204,0.0472,11.1273
3#40#8_7#40#8_5#40#6_7#32#8,1x32x112x112,0.2249,430.7763,0.2851,36.0537
3#32#8_7#32#8,1x32x80x80,0.2917,108.1999,0.1115,9.9268
5#40#6_3#32#3_3#32#8_5#32#8,1x24x112x112,0.2445,231.5717,0.1528,21.8078
5#32#6_3#32#8_7#32#8,1x24x80x80,0.2321,102.1187,0.1342,10.2781
5#40#3_3#32#3_5#32#8,1x24x96x96,0.2572,101.5121,0.0855,10.1494
3#40#3_3#40#6_3#40#6,1x24x96x96,0.2342,124.7574,0.1171,10.9307
5#40#3_3#32#3,1x24x96x96,0.3086,53.1137,0.0303,5.4338
3#40#8_5#32#8_5#32#3,1x16x112x112,0.2584,166.4476,0.1142,16.0989
3#32#3_7#32#8,1x24x112x112,0.2964,106.4344,0.0669,10.8030
3#32#6_3#32#3,1x32x80x80,0.3211,64.7910,0.0468,5.8783
5#40#8_7#32#6,1x32x96x96,0.2515,170.4120,0.1158,15.0254
5#32#8_7#32#3_3#40#6_7#40#3,1x24x112x112,0.2150,210.8134,0.1062,20.1898
5#32#3_7#40#8_3#32#3_3#32#6,1x32x80x80,0.2407,111.6667,0.1281,10.1295
3#40#3_5#32#8,1x16x112x112,0.3048,113.4003,0.0888,10.4660
3#32#6_3#40#8,1x24x80x80,0.2783,68.0635,0.0789,6.5219
3#40#6_7#40#6_7#40#3_7#40#6,1x32x80x80,0.2322,159.2300,0.1732,13.9696
7#40#8_5#40#3_7#40#8_5#32#3,1x32x96x96,0.2071,251.8804,0.1889,22.3718
5#40#8_5#40#8_3#40#3,1x16x96x96,0.2210,134.3811,0.1226,12.9977
5#40#8_3#40#6,1x32x96x96,0.2387,161.9333,0.1121,13.7231
5#40#3_7#40#6_3#40#3,1x24x80x80,0.2467,77.4947,0.0877,7.2376
7#32#6_3#32#8,1x32x96x96,0.2533,128.1905,0.0910,12.1265
3#32#6_7#32#8_5#40#8,1x16x112x112,0.2273,182.6104,0.1273,17.8941
7#40#8_5#40#3_5#40#8_5#40#6,1x16x112x112,0.2294,263.6723,0.1804,23.9708
3#32#6_5#32#3_3#32#6_7#40#3,1x24x112x112,0.2449,166.7740,0.0852,16.0300
5#32#8_3#32#8_5#40#8_7#40#6,1x32x112x112,0.1842,361.6471,0.2255,31.3285
7#40#8_7#40#6_7#32#8_5#40#3,1x32x96x96,0.1813,276.0463,0.2199,24.5406
5#32#6_7#40#3_3#40#3,1x24x112x112,0.2413,135.6746,0.0590,13.0997
3#40#8_3#32#3_5#40#3_3#40#6,1x16x96x96,0.2484,132.2639,0.1061,12.8014
3#40#6_7#32#6_3#32#6,1x16x96x96,0.2516,116.5071,0.1029,11.7529
3#32#8_7#32#8,1x32x112x112,0.2824,212.0090,0.1115,18.7847
7#32#6_7#32#3_5#40#6_7#32#6,1x32x96x96,0.2147,205.7364,0.1474,19.2512
3#40#8_3#40#6_3#40#3,1x32x80x80,0.2367,125.8824,0.1288,10.6150
7#40#3_5#40#8_3#40#8_5#32#6,1x24x112x112,0.2293,299.3612,0.2323,25.2146
3#32#6_3#40#8_3#40#3,1x16x80x80,0.2508,69.3059,0.0866,6.7545
7#40#3_5#40#3,1x16x80x80,0.3282,29.9100,0.0268,3.2253
7#40#6_7#32#8_3#40#3,1x32x112x112,0.2122,253.2623,0.1403,21.9958
7#40#8_7#40#8_7#32#6,1x32x112x112,0.2127,346.5800,0.2053,29.5899
7#32#6_5#32#6_7#32#6_5#32#8,1x24x80x80,0.2410,123.7548,0.1526,12.6161
7#32#6_3#32#6_7#32#8,1x32x112x112,0.2180,232.8863,0.1291,21.4600
7#32#8_5#32#6_3#32#6_3#40#6,1x32x96x96,0.1851,220.0924,0.1638,20.1386
7#40#6_3#40#6_3#40#6_3#32#3,1x16x80x80,0.2393,107.1713,0.1402,9.7129
7#40#6_3#32#3_3#40#8,1x32x80x80,0.2132,114.8365,0.1157,10.1304
7#32#6_3#40#3,1x24x96x96,0.2819,74.0759,0.0395,7.7519
5#40#8_5#40#8,1x24x96x96,0.2336,142.6596,0.1207,13.3672
7#32#8_5#32#8,1x24x112x112,0.2520,161.6179,0.0915,16.2071
5#32#3_5#32#3_3#32#6,1x32x80x80,0.2678,64.0276,0.0608,5.9982
3#40#6_7#32#6,1x24x80x80,0.2926,75.0502,0.0811,7.1937
3#32#8_3#40#3_5#40#8,1x16x112x112,0.2427,170.5620,0.1155,15.9355
5#40#3_7#40#6_5#40#8_7#32#6,1x24x80x80,0.2373,150.7209,0.2102,13.5523
3#40#8_7#32#6_7#40#8_7#40#6,1x32x112x112,0.2064,388.7903,0.2322,33.1327
5#32#8_5#32#8,1x16x96x96,0.2723,83.2061,0.0732,9.4038
5#32#3_5#32#8_3#32#6,1x32x80x80,0.2451,85.0478,0.1029,8.0149
5#40#8_5#40#3_5#32#6,1x16x80x80,0.2469,81.4802,0.0943,8.2084
7#32#8_3#40#6_5#40#8,1x24x112x112,0.1930,246.9540,0.1571,22.2455
3#40#8_7#32#3_7#40#8_7#32#6,1x24x80x80,0.2451,149.8880,0.1743,14.0506
5#40#6_7#40#3_7#40#6_7#32#6,1x16x112x112,0.2312,238.1338,0.1492,22.3846
3#40#3_3#32#3,1x16x80x80,0.3395,27.3116,0.0252,2.8928
5#40#8_7#40#3_3#32#3,1x24x80x80,0.2450,87.0226,0.0770,8.4750
7#32#3_7#40#8_5#40#8,1x24x112x112,0.2217,219.3315,0.1560,19.5172
7#40#8_3#32#3,1x24x80x80,0.2839,69.2357,0.0575,6.9005
3#40#3_3#40#6_5#32#6_5#40#8,1x24x112x112,0.2224,250.8522,0.1773,21.7565
5#32#8_5#40#3_7#40#3,1x16x80x80,0.2554,60.6029,0.0544,6.5292
7#32#8_3#40#8_3#40#6_7#32#3,1x24x96x96,0.2050,200.6851,0.1677,18.9794
3#32#6_3#32#3_7#40#8_5#32#8,1x24x80x80,0.2579,134.8329,0.1788,12.6367
5#32#8_3#40#3,1x24x80x80,0.2823,60.5926,0.0489,6.1418
3#40#3_3#32#3_7#32#3_5#40#6,1x16x96x96,0.2625,102.2377,0.0773,10.1139
5#32#6_3#32#8_5#40#6,1x16x96x96,0.2202,112.2698,0.1032,11.4129
7#40#3_5#32#8_5#40#3_3#40#3,1x24x96x96,0.2427,146.0852,0.1289,13.5964
7#40#6_3#32#8_3#40#3,1x16x80x80,0.2432,79.2156,0.1085,7.4334
3#32#6_5#40#3_5#32#3,1x32x96x96,0.2652,127.8382,0.0704,11.7316
3#40#6_7#32#6,1x24x96x96,0.2831,108.0538,0.0811,10.5761
3#40#3_5#32#3_3#40#3,1x32x80x80,0.2711,63.0697,0.0492,5.5019
3#40#6_3#32#3,1x16x112x112,0.3094,70.5347,0.0316,7.5071
5#32#8_7#32#6,1x32x96x96,0.2608,147.6547,0.0933,13.6524
7#40#8_7#32#3_5#32#6_7#32#6,1x16x80x80,0.2511,102.1071,0.1142,10.8405
7#32#8_7#40#8_7#40#3,1x16x96x96,0.2215,128.4275,0.1013,13.5016
3#40#6_7#32#8,1x16x80x80,0.3042,71.1726,0.0982,7.1282
7#40#8_7#32#3,1x24x112x112,0.2742,142.4507,0.0597,14.0129
3#32#3_5#40#3_5#32#3,1x24x80x80,0.2892,52.2269,0.0452,5.1080
5#40#8_5#32#6_5#32#3,1x32x112x112,0.2266,249.8442,0.1267,21.3236
7#32#3_3#32#3_7#32#6,1x32x112x112,0.2602,136.3057,0.0642,12.7033
5#32#3_3#32#6_3#40#6,1x32x112x112,0.2215,153.5800,0.0841,13.3423
7#40#6_7#40#3,1x24x80x80,0.2783,59.6544,0.0478,6.0128
5#40#6_7#40#8_5#32#3,1x24x112x112,0.2278,217.8844,0.1330,19.7041
7#32#6_7#40#3_3#32#6,1x16x80x80,0.2640,70.1583,0.0819,6.8974
3#32#6_7#32#6_3#32#3_7#40#6,1x16x112x112,0.2371,173.6550,0.1003,17.2651
7#40#8_3#32#8,1x16x96x96,0.2701,102.8362,0.1005,10.2248
7#40#6_3#32#6_3#32#8_7#40#3,1x24x80x80,0.2119,119.4780,0.1483,11.2458
7#40#8_7#32#8_7#32#3,1x32x80x80,0.2531,148.7222,0.1608,13.3781
5#40#3_3#40#3,1x32x112x112,0.2842,93.5153,0.0343,8.1777
7#40#6_7#32#3_7#40#3,1x16x112x112,0.2556,116.5507,0.0516,11.9304
5#32#3_5#32#8_5#40#6_7#40#6,1x24x96x96,0.2154,176.3690,0.1612,16.8168
3#40#3_5#40#6,1x16x112x112,0.2952,92.8077,0.0613,8.6206
7#40#3_3#32#6_5#40#3,1x24x112x112,0.2482,135.9405,0.0796,12.3255
5#32#3_3#40#8,1x16x112x112,0.2952,87.8423,0.0619,8.2459
3#40#3_7#40#6_7#40#8,1x24x80x80,0.2405,114.1974,0.1552,10.4144
3#40#6_3#40#8_5#32#6,1x32x96x96,0.2304,199.6820,0.1729,16.9623
5#32#8_7#40#6_5#40#3_5#32#8,1x16x96x96,0.2292,178.0280,0.1612,17.4985
7#40#8_7#32#8,1x32x96x96,0.3280,193.9886,0.1469,17.2077
7#32#6_5#40#8_5#40#6_5#40#8,1x32x80x80,0.2010,185.9379,0.2366,16.3042
3#40#8_7#40#6_3#40#8_3#40#8,1x32x80x80,0.2291,206.9371,0.2770,17.1099
3#32#8_7#32#3_3#32#6,1x24x112x112,0.2652,156.2895,0.0803,15.4755
7#40#6_5#40#3,1x24x80x80,0.2754,57.9264,0.0467,5.7958
3#32#3_5#40#3,1x24x96x96,0.3116,47.3599,0.0246,4.9261
5#32#3_3#32#3_3#32#3,1x16x112x112,0.3082,62.7308,0.0300,6.7732
7#40#3_3#40#6_7#32#8,1x16x112x112,0.2649,192.1572,0.1460,17.1205
7#32#8_3#40#6,1x24x80x80,0.2575,75.8129,0.0727,7.5716
5#40#3_5#32#8_3#32#6,1x24x96x96,0.2449,129.4289,0.1275,12.1500
7#40#3_5#40#8,1x32x80x80,0.2652,82.2318,0.1004,7.0419
7#32#6_7#40#6,1x24x96x96,0.2540,99.9683,0.0651,10.2252
3#32#3_7#32#8_7#32#3_5#32#3,1x16x96x96,0.2950,104.7741,0.0897,11.1969
5#40#6_7#32#8_5#32#6_5#32#3,1x16x112x112,0.2506,216.2371,0.1474,20.8156
3#40#6_5#32#3,1x16x112x112,0.3081,73.9215,0.0327,7.9087
3#40#3_7#32#3_5#40#6_5#32#8,1x16x80x80,0.2748,108.6612,0.1486,10.1791
3#32#6_3#40#6_3#40#8,1x32x96x96,0.2188,181.6064,0.1525,15.4669
5#40#8_7#32#8_7#32#3,1x24x80x80,0.2333,115.6326,0.1363,11.2081
7#40#8_7#32#8,1x32x80x80,0.3380,134.7400,0.1469,11.9869
7#40#3_3#40#8_5#40#3,1x16x112x112,0.2613,147.9793,0.1082,13.0396
3#40#6_5#40#3,1x24x80x80,0.2976,53.7792,0.0441,5.2972
3#32#6_7#32#3_3#32#6_5#32#8,1x32x112x112,0.2684,242.2236,0.1373,22.0605
7#40#8_3#32#8_7#40#8_7#40#6,1x16x96x96,0.1947,223.4081,0.2192,21.1206
3#40#3_7#32#6_5#40#6,1x16x112x112,0.2482,155.7970,0.1011,14.3965
3#32#8_3#32#3_7#40#8_5#32#6,1x24x112x112,0.2408,262.2060,0.1610,24.3238
7#40#3_5#32#3_7#32#8_5#32#8,1x24x96x96,0.2601,159.2001,0.1448,16.0175
5#32#3_7#40#6,1x32x80x80,0.2799,61.4630,0.0541,5.6293
7#32#8_5#40#6,1x24x80x80,0.2491,78.5777,0.0745,7.9300
7#32#6_3#40#3_5#40#3_3#40#8,1x24x112x112,0.2402,227.0712,0.1411,20.1966
7#40#3_7#32#8_3#32#8_3#32#6,1x32x96x96,0.2397,197.4769,0.1885,18.0997
3#40#6_3#32#3_7#40#6_3#40#6,1x24x96x96,0.2283,171.6887,0.1367,15.8569
3#40#3_7#40#8_3#32#3_5#40#3,1x32x96x96,0.2338,169.2554,0.1362,14.8622
3#40#6_3#40#3_7#32#8,1x32x112x112,0.2515,247.5203,0.1415,21.3481
7#32#8_7#40#6_7#32#6_3#40#8,1x24x112x112,0.1871,307.0269,0.1897,28.1654
5#32#6_3#32#8_7#40#6,1x16x112x112,0.2211,158.2106,0.1049,15.5653
3#40#6_3#40#6,1x24x80x80,0.2770,69.1622,0.0774,6.3550
5#32#8_3#32#6_5#40#8_5#40#6,1x24x80x80,0.1983,145.1500,0.1823,13.6507
7#40#8_3#40#3_3#32#6,1x24x96x96,0.2246,146.7203,0.1100,14.1643
5#32#8_5#32#6,1x24x112x112,0.2602,139.7268,0.0698,14.0214
7#40#3_7#32#3,1x16x96x96,0.3299,46.2920,0.0282,5.0652
7#40#3_5#32#8_5#32#8,1x16x112x112,0.2626,181.9735,0.1449,16.9417
3#40#3_7#32#8,1x16x80x80,0.3226,62.4911,0.0917,6.1677
7#40#6_3#32#6,1x16x96x96,0.2773,78.2239,0.0668,7.9160
5#40#3_5#32#6_7#32#3,1x24x80x80,0.2658,69.9012,0.0798,6.7549
7#40#8_5#32#6,1x16x96x96,0.2684,92.8625,0.0753,9.7510
3#32#8_3#40#8_5#32#8,1x32x96x96,0.2340,222.1855,0.1934,19.1915
3#32#6_7#32#8_5#32#6,1x24x96x96,0.2416,137.2337,0.1153,14.1086
5#40#8_7#32#3_5#32#6,1x32x112x112,0.2261,244.0397,0.1155,21.2779
7#40#8_3#32#8,1x24x96x96,0.2510,137.0563,0.1183,13.0275
3#32#8_7#40#6,1x16x80x80,0.2909,54.8106,0.0567,5.9925
7#32#8_5#32#6_7#32#6,1x16x80x80,0.2453,79.2003,0.0914,8.8058
3#32#3_5#32#3,1x16x112x112,0.3384,42.1038,0.0183,4.8544
5#32#8_3#40#6,1x24x96x96,0.2440,105.1730,0.0710,10.5593
3#32#3_3#32#8_3#40#3_7#32#3,1x32x112x112,0.2472,182.4143,0.1021,16.2711
3#40#8_5#32#8_5#32#6,1x16x96x96,0.2418,140.4559,0.1364,13.9732
7#40#6_7#32#3,1x24x80x80,0.2926,60.1664,0.0482,6.0596
5#40#6_5#32#8_7#40#3_5#40#8,1x16x96x96,0.2230,194.9747,0.1966,17.9014
5#32#8_7#32#3_3#32#3,1x32x80x80,0.2610,99.7796,0.0824,9.1451
3#40#8_5#40#3_3#40#3,1x32x80x80,0.2541,110.4993,0.0956,9.5572
5#32#8_7#40#8_5#40#3,1x16x96x96,0.2223,123.2850,0.0991,12.8712
5#32#6_7#32#3_3#40#8,1x32x80x80,0.2256,105.5790,0.1066,9.5455
5#32#8_7#40#6_3#40#8,1x16x112x112,0.2127,200.3804,0.1393,18.4646
5#32#6_7#40#6_5#32#6_3#40#3,1x24x80x80,0.2137,118.4909,0.1331,11.1918
3#40#6_7#40#6_3#32#6_7#32#8,1x32x80x80,0.2293,168.0486,0.2046,14.9210
5#40#6_3#32#3_7#32#3,1x16x80x80,0.2723,51.3577,0.0464,5.4006
5#40#3_7#32#8_3#40#8_7#40#6,1x16x112x112,0.2338,273.4249,0.2062,24.2406
5#40#8_3#32#6_3#40#3_5#32#6,1x32x112x112,0.2150,318.5659,0.1808,26.5931
5#32#6_7#40#3,1x24x80x80,0.2947,52.1377,0.0399,5.2974
5#40#6_7#32#6_7#32#8,1x16x96x96,0.2346,139.8932,0.1277,14.3323
5#32#6_5#32#6,1x24x96x96,0.2677,86.5129,0.0591,9.1104
5#40#8_7#40#8_7#40#3_5#32#8,1x24x112x112,0.2067,337.8381,0.2279,30.2435
7#40#6_5#40#3_3#32#3,1x16x112x112,0.2565,112.8407,0.0535,11.5126
5#40#8_3#32#8_3#40#8_5#32#6,1x16x80x80,0.2275,141.4861,0.2107,13.0922
3#32#8_3#32#3_7#32#6_3#32#6,1x32x112x112,0.2731,259.6849,0.1367,23.0861
3#32#3_7#32#6,1x16x112x112,0.3183,72.2232,0.0422,7.7092
7#32#3_3#32#6_7#40#6,1x24x96x96,0.2357,106.5588,0.0842,10.5630
3#40#8_3#32#8_3#40#3,1x32x96x96,0.2391,190.9704,0.1509,16.0052
3#32#8_7#32#6_5#32#6,1x24x112x112,0.2441,189.1185,0.1051,18.6461
3#32#3_7#32#6,1x24x112x112,0.3032,88.1560,0.0464,9.0246
5#32#8_5#40#6_3#32#3_5#40#6,1x24x80x80,0.2066,123.1350,0.1304,11.7578
7#40#8_3#32#6,1x32x112x112,0.2445,225.6046,0.1138,18.9648
3#32#3_3#32#3,1x32x80x80,0.3312,38.8188,0.0255,3.5533
5#32#8_3#40#8_7#32#3,1x24x80x80,0.2328,102.4205,0.1125,9.9077
5#32#6_7#40#3_7#40#3,1x16x96x96,0.2539,80.8412,0.0494,8.7547
3#32#8_7#32#6_3#40#8,1x32x80x80,0.2323,134.1256,0.1473,12.1091
5#32#3_3#32#8_7#40#3,1x32x112x112,0.2355,149.2654,0.0831,13.3647
7#32#6_3#32#3_3#32#6_3#40#6,1x24x112x112,0.2172,191.1734,0.1073,18.0047
5#32#3_5#40#6_5#40#6_5#40#6,1x24x80x80,0.2403,123.0913,0.1595,11.1095
3#32#3_7#40#3,1x24x112x112,0.3133,67.1686,0.0255,6.7601
7#32#6_7#32#8,1x24x80x80,0.2737,74.2587,0.0826,7.6876
5#40#6_3#32#6,1x16x80x80,0.2874,52.9505,0.0659,5.2670
7#40#8_7#40#3_5#40#3,1x32x96x96,0.2103,174.6913,0.1023,15.8252
3#32#3_7#40#6_3#32#6,1x24x80x80,0.2632,82.6766,0.1022,7.7806
5#40#3_3#32#6,1x32x112x112,0.2727,125.0237,0.0681,10.5120
3#40#8_5#32#3_3#40#8,1x16x96x96,0.2390,113.4054,0.0948,11.3546
3#40#3_3#40#6_7#40#6,1x32x80x80,0.2324,104.5652,0.1255,8.8850
5#40#6_3#32#8_7#40#8_5#32#3,1x24x96x96,0.2151,205.2513,0.1869,19.0168
5#40#6_3#40#8,1x32x80x80,0.2415,104.8248,0.1196,8.8219
7#32#8_5#40#8,1x32x112x112,0.2223,229.6709,0.1172,19.9560
7#40#3_5#32#3_3#32#6,1x16x112x112,0.2792,103.5909,0.0607,10.2719
5#40#3_5#40#8_5#32#6_3#40#6,1x32x112x112,0.2055,282.9972,0.1910,23.5424
3#32#3_5#40#8_3#32#6_3#40#3,1x24x112x112,0.2317,203.0586,0.1352,17.9369
7#40#8_7#40#6_7#40#8_5#32#6,1x16x112x112,0.2106,314.3731,0.2203,28.6106
3#40#3_3#32#3,1x16x96x96,0.3292,39.3247,0.0252,4.2281
3#32#3_7#32#3_7#32#8_3#32#8,1x32x80x80,0.2749,108.8236,0.1376,10.3691
7#40#8_5#32#8_7#40#6_5#40#6,1x32x96x96,0.1762,288.3359,0.2395,25.2803
7#40#8_7#32#6_7#40#3,1x32x80x80,0.2136,139.3065,0.1342,12.3014
3#32#6_3#32#6_5#32#6,1x16x96x96,0.2555,93.0125,0.0800,9.9329
7#32#8_7#32#3_5#40#6_5#32#3,1x16x96x96,0.2391,128.2150,0.0918,13.5019
5#32#3_7#32#6_3#32#8_7#32#3,1x16x96x96,0.2794,117.2849,0.1094,12.1808
3#32#6_7#40#3,1x16x96x96,0.3110,49.2595,0.0273,5.6404
5#32#3_7#40#8_3#40#6_5#40#6,1x32x96x96,0.2200,206.5741,0.1841,18.0849
7#32#3_3#40#3_7#40#6,1x16x80x80,0.2788,65.8801,0.0782,6.2621
7#40#3_5#32#6,1x24x80x80,0.2960,56.9558,0.0665,5.4979
7#40#3_5#40#6,1x16x112x112,0.2945,95.5172,0.0622,8.9164
5#40#8_7#32#3_7#40#8,1x16x80x80,0.2355,89.7126,0.1017,9.0848
7#32#8_7#40#8_5#40#8,1x32x112x112,0.1740,335.2924,0.2038,28.7276
5#32#6_3#32#6_5#32#3_5#40#8,1x24x80x80,0.2179,108.8673,0.1291,10.5508
7#40#3_5#32#8_7#40#8,1x32x96x96,0.2138,176.8146,0.1601,15.7800
7#32#8_5#40#6_3#32#8_7#32#8,1x24x80x80,0.2096,159.4552,0.2122,15.1969
7#32#6_7#40#8_5#40#3,1x24x80x80,0.2192,98.4072,0.1062,9.5603
7#32#3_5#40#6_7#32#8_5#32#3,1x16x96x96,0.2615,151.6974,0.1433,14.5266
3#32#8_3#40#3,1x32x96x96,0.2974,122.9420,0.0683,10.7439
7#32#8_5#40#8_5#32#6,1x32x80x80,0.2071,153.8499,0.1722,13.7034
3#32#8_3#32#8,1x24x96x96,0.2820,105.4822,0.0857,10.8290
3#32#6_3#32#8_3#40#3,1x24x112x112,0.2445,151.3295,0.0898,14.3322
7#40#8_7#40#8_7#40#3,1x24x80x80,0.2067,127.0149,0.1465,12.0976
3#40#6_3#40#6_3#32#6,1x32x96x96,0.2357,178.2804,0.1427,15.1856
7#40#6_3#32#3,1x32x80x80,0.2814,79.5781,0.0594,7.1338
5#32#3_7#40#8_5#40#3_5#32#6,1x32x80x80,0.2339,127.0774,0.1503,11.3749
7#40#6_5#40#6,1x16x80x80,0.2729,58.8129,0.0695,5.7979
7#40#8_3#32#6_7#40#3,1x16x112x112,0.2317,153.4316,0.0892,14.8884
5#40#6_3#32#8,1x24x80x80,0.2687,80.6003,0.1055,7.4337
5#40#6_3#40#3_7#32#3,1x24x112x112,0.2449,147.3436,0.0659,14.0792
7#32#6_7#32#8_5#32#6,1x16x80x80,0.2451,82.2318,0.1057,8.7259
7#40#8_5#32#8_3#40#6_5#40#8,1x16x80x80,0.2102,153.2170,0.2242,14.2154
7#40#8_3#40#3_7#40#6_5#40#8,1x24x96x96,0.2079,230.4527,0.1992,21.3965
7#40#3_7#32#8_3#32#6_5#40#3,1x32x112x112,0.2149,241.2247,0.1508,21.2042
7#40#3_3#32#8_5#40#8,1x24x112x112,0.2254,201.4688,0.1504,17.6887
5#40#3_3#40#8_3#32#6_5#32#8,1x16x112x112,0.2568,240.6098,0.1957,21.0044
7#32#3_5#32#8,1x32x80x80,0.2827,63.9862,0.0702,6.0384
7#32#6_7#32#8,1x24x112x112,0.2687,145.5045,0.0826,14.6581
5#40#3_3#32#3,1x24x96x96,0.3084,53.1137,0.0303,5.4338
7#32#3_3#40#3_3#32#3_5#40#3,1x24x96x96,0.2560,96.5672,0.0598,9.3991
7#32#8_3#40#6_3#40#3,1x32x96x96,0.1997,176.1029,0.1141,15.7904
3#40#8_5#40#8_7#32#3_3#32#3,1x24x80x80,0.2520,128.6067,0.1528,11.8977
3#32#3_7#32#6_7#40#3_5#32#3,1x32x112x112,0.2494,180.6188,0.0869,16.4279
7#40#3_7#40#6_5#32#3,1x16x112x112,0.2718,140.1815,0.0849,13.1775
7#32#6_5#32#8,1x32x112x112,0.2505,181.6883,0.0933,16.6122
5#40#6_5#40#8_5#32#3_3#32#6,1x32x112x112,0.2214,296.2847,0.1766,25.3493
7#32#3_7#40#6,1x16x112x112,0.3028,83.7637,0.0460,8.3112
5#40#8_7#40#3_3#32#6_7#32#6,1x24x80x80,0.2204,130.5713,0.1474,12.5820
5#40#8_5#40#8_5#40#3_3#32#3,1x32x80x80,0.2211,164.9249,0.1826,14.2172
5#40#6_3#32#6_7#32#6,1x16x96x96,0.2379,116.5071,0.1029,11.7246
5#32#6_5#32#6_3#40#6,1x16x112x112,0.2242,138.1258,0.0838,13.6027
7#32#6_5#40#8_3#32#3,1x32x112x112,0.2173,226.6286,0.1162,19.9774
5#32#6_7#32#8_3#40#8,1x24x96x96,0.2034,154.6847,0.1377,15.2326
3#40#8_7#40#6_7#40#3_7#32#6,1x16x80x80,0.2460,125.9397,0.1542,12.1769
7#40#8_5#32#6_5#32#6,1x24x112x112,0.2159,222.3473,0.1283,20.9077
7#40#8_7#40#8_5#40#6,1x16x96x96,0.2057,173.2772,0.1631,16.5420
5#40#3_3#40#3_5#40#3,1x16x112x112,0.2806,90.7602,0.0454,9.0312
3#32#3_3#40#6_3#32#6,1x16x112x112,0.2664,135.2248,0.0945,12.0631
5#32#3_3#40#6,1x16x112x112,0.3021,71.5709,0.0421,6.9023
3#40#3_3#32#6,1x16x112x112,0.3115,84.0269,0.0586,7.8415
5#40#8_5#40#8_5#32#3_5#32#8,1x32x112x112,0.2161,355.5210,0.2187,30.3495
5#32#3_7#32#3_3#32#3,1x32x112x112,0.2772,106.1862,0.0403,9.8485
5#32#3_3#32#3_7#32#3,1x32x112x112,0.2791,106.1862,0.0403,9.8485
7#40#8_5#40#3,1x16x112x112,0.2817,91.4867,0.0405,9.9651
5#40#8_3#40#3,1x24x96x96,0.2624,94.9693,0.0554,9.6545
3#32#3_7#40#6,1x32x96x96,0.2768,86.5060,0.0532,7.8810
3#32#8_7#32#3_5#32#8_7#32#3,1x32x96x96,0.2648,190.7354,0.1370,17.8555
3#40#6_7#32#8_3#32#6_3#32#8,1x32x80x80,0.2518,161.6056,0.2089,14.6643
5#32#6_5#40#3_7#32#6_7#32#8,1x16x96x96,0.2397,160.6892,0.1420,16.3104
5#32#6_7#40#6,1x32x80x80,0.2520,88.8177,0.0763,8.1565
3#32#8_3#32#6_5#40#3,1x32x112x112,0.2442,214.0063,0.1027,18.4211
3#40#8_5#40#6_5#32#8_5#40#3,1x32x96x96,0.2170,253.8173,0.2102,21.7266
5#32#6_5#40#8_7#40#3,1x32x96x96,0.2037,166.7763,0.1162,15.3965
3#32#8_7#32#3,1x16x96x96,0.3211,52.2860,0.0308,6.4687
5#32#8_5#40#6,1x24x80x80,0.2505,75.8129,0.0727,7.5716
5#40#8_3#32#3_7#32#6,1x32x112x112,0.2289,242.6849,0.1151,21.1052
7#32#8_7#40#6,1x32x80x80,0.2455,110.7456,0.0985,10.0857
5#32#3_7#32#3_5#32#6_7#32#6,1x24x80x80,0.2772,85.2161,0.0963,8.8442
5#32#8_3#32#8,1x32x80x80,0.2644,104.5135,0.1092,9.5149
3#32#3_7#40#8_5#40#3,1x24x80x80,0.2540,78.4695,0.0905,7.5149
5#40#3_5#32#8,1x24x80x80,0.2954,67.4595,0.0940,6.3678
3#32#6_5#40#6,1x24x112x112,0.2686,122.5096,0.0607,11.5757
7#40#3_5#32#8_5#32#3,1x32x112x112,0.2447,181.7979,0.1123,15.8516
3#40#3_7#32#3,1x24x112x112,0.3147,77.0313,0.0319,7.7131
7#40#8_7#40#3,1x32x96x96,0.2521,147.5886,0.0822,13.2656
3#40#6_7#40#6,1x16x96x96,0.2785,85.6704,0.0699,8.6866
5#40#6_3#40#3_3#32#8,1x24x112x112,0.2311,191.4166,0.1245,17.0787
3#40#8_3#32#6,1x16x80x80,0.2995,57.3573,0.0709,5.8521
3#32#8_3#40#8,1x24x112x112,0.2657,153.9912,0.0891,14.4101
7#40#3_3#40#6,1x24x112x112,0.2763,106.8338,0.0650,9.6166
7#40#3_7#40#3_5#32#6_3#32#6,1x16x80x80,0.2756,90.7208,0.1164,8.7828
7#40#3_3#40#6_7#32#8,1x16x112x112,0.2667,192.1572,0.1460,17.1205
7#40#8_7#40#6_5#32#8,1x32x112x112,0.1981,335.5412,0.2018,28.4891
3#32#8_5#32#3,1x24x96x96,0.3119,80.5340,0.0459,8.6338
7#40#6_7#40#3_5#32#6_7#40#8,1x24x96x96,0.1986,200.0146,0.1637,19.1867
7#32#6_7#40#8_5#40#6_5#40#6,1x16x112x112,0.2273,269.7446,0.1851,24.5192
7#40#8_3#40#8_5#40#8,1x32x96x96,0.1672,255.9713,0.2267,21.4873
3#32#6_7#40#6_5#40#8,1x16x80x80,0.2380,99.6582,0.1355,9.4589
5#32#8_7#40#3,1x32x112x112,0.2727,179.9685,0.0724,15.5953
3#32#6_5#40#3_5#40#8,1x24x80x80,0.2478,98.9089,0.1221,9.0932
3#40#3_7#40#6_3#40#6,1x24x80x80,0.2418,93.5689,0.1214,8.3782
5#40#8_7#32#8_3#32#3_5#40#8,1x16x96x96,0.2137,185.6701,0.1760,18.1548
3#32#6_3#40#8_3#32#6_3#40#6,1x24x80x80,0.2206,128.1958,0.1682,11.6072
5#40#6_5#32#6_7#40#6_3#40#6,1x24x96x96,0.1981,202.0692,0.1736,18.5891
5#32#8_5#32#8,1x16x80x80,0.2814,57.7946,0.0732,6.4813
3#40#8_3#40#3,1x24x96x96,0.2886,90.9880,0.0537,9.1504
7#40#8_5#40#3,1x32x96x96,0.2489,145.1003,0.0811,12.9589
