3#192#4_3#176#8_5#192#8_5#176#4_3#192#8,1x128x12x12,0.2274,330.2277,2.3195,4.3799
5#192#6_3#160#6_5#192#4_3#192#4,1x112x10x10,0.2359,126.3008,1.2785,2.0420
5#176#6_5#160#4,1x64x14x14,0.3006,77.4843,0.4010,1.2722
3#176#8_3#160#8,1x64x12x12,0.3033,93.9848,0.6617,1.3476
3#176#8_5#176#6_5#192#6_5#160#8,1x64x10x10,0.2592,159.5456,1.6146,2.4339
3#176#4_5#176#6,1x80x10x10,0.2949,49.6992,0.5036,0.8186
5#160#8_5#192#4_5#160#4_3#160#8_3#176#6_3#192#4,1x144x10x10,0.2335,207.3984,2.0999,3.1642
3#192#8_5#192#8_3#160#4_3#176#8,1x128x10x10,0.2458,176.7424,1.7884,2.5941
3#176#4_5#176#8_5#176#8_3#176#6,1x112x12x12,0.2511,229.7687,1.6147,3.1536
3#176#4_5#176#6_3#176#8_5#160#8,1x128x14x14,0.2322,318.6239,1.6453,4.2416
5#160#8_5#192#8_5#192#4,1x80x14x14,0.2542,197.9192,1.0224,3.0280
3#176#6_3#192#8_5#176#4,1x64x10x10,0.2913,100.7104,1.0196,1.4771
3#176#8_5#160#8_3#176#8_3#160#6_3#160#4,1x64x10x10,0.2456,174.8000,1.7706,2.5541
5#192#4_3#192#4_5#160#4_3#176#6_5#192#8_5#176#6,1x128x10x10,0.2302,225.6320,2.2826,3.4164
5#160#8_3#160#6_3#192#4_5#176#8_5#160#4_3#192#6,1x96x14x14,0.2302,412.7352,2.1320,6.0730
3#176#6_5#160#6_5#160#6,1x144x14x14,0.2524,205.8345,1.0634,2.8833
5#176#4_5#192#8,1x112x14x14,0.2697,146.4261,0.7560,2.0865
5#192#6_5#160#4_3#176#4_5#192#6_5#160#4_5#192#4,1x128x10x10,0.2334,189.9808,1.9227,3.0743
5#176#6_3#176#8_3#160#6,1x96x12x12,0.2631,156.7780,1.1026,2.0602
3#192#6_5#192#8,1x64x12x12,0.2986,106.8872,0.7511,1.4896
3#160#6_5#160#8_3#176#4,1x128x12x12,0.2651,135.2356,0.9516,1.9244
3#192#6_5#160#4_5#176#6_5#160#8_3#160#4_5#160#4,1x64x12x12,0.2600,255.8638,1.7995,3.8160
3#192#6_3#160#8,1x80x14x14,0.2919,144.1494,0.7450,1.8050
5#192#4_3#160#6_3#160#8,1x144x12x12,0.2521,158.8746,1.1171,2.0937
5#192#6_3#160#4_5#176#4_3#176#4_5#160#4_5#192#4,1x80x12x12,0.2410,220.8292,1.5532,3.3310
3#160#4_3#160#8,1x144x14x14,0.2943,122.3918,0.6329,1.5637
5#192#6_5#176#4_5#176#6_5#160#8_5#160#8,1x64x10x10,0.2377,183.1968,1.8544,2.8637
3#192#6_3#176#6_3#192#8,1x80x12x12,0.2718,170.3439,1.1974,2.1341
3#160#6_3#192#6,1x80x10x10,0.2956,50.9600,0.5168,0.8399
5#160#4_3#176#8_5#192#4_5#176#4_5#192#4_3#160#4,1x112x10x10,0.2392,188.5248,1.9082,2.8488
5#160#6_5#176#6_3#176#6_3#160#4,1x64x12x12,0.2700,163.1278,1.1476,2.3394
3#176#6_3#176#8,1x64x14x14,0.3059,120.5729,0.6234,1.5417
3#176#6_5#176#4_3#192#6,1x112x14x14,0.2623,179.6552,0.9282,2.4189
3#160#4_5#160#8_3#192#8_5#176#8_5#176#6,1x80x10x10,0.2208,206.2432,2.0872,3.1262
5#160#8_5#160#8_3#176#6_3#176#8,1x96x10x10,0.2267,154.0416,1.5601,2.2486
3#192#4_5#160#6_5#192#4_5#192#6,1x64x10x10,0.2495,128.8320,1.3037,2.1012
5#176#4_5#176#6,1x144x14x14,0.2850,121.9465,0.6298,1.7858
3#176#4_5#160#4_3#176#6_3#176#6_5#176#4,1x128x10x10,0.2412,147.1072,1.4896,2.1942
5#160#6_5#192#4,1x64x12x12,0.2996,54.4113,0.3834,1.0206
3#176#6_5#176#6_5#192#8_3#192#8_3#176#8,1x112x12x12,0.2225,348.6321,2.4489,4.6067
5#176#6_3#160#4_5#176#6,1x64x14x14,0.2766,148.7217,0.7691,2.2726
5#192#8_3#176#6_5#192#8_3#160#4_3#192#8_3#160#8,1x112x10x10,0.2373,275.7504,2.7900,3.9425
5#176#4_5#176#6_3#192#6_3#160#4,1x144x12x12,0.2383,196.1349,1.3784,2.6928
3#176#6_3#160#4_5#176#8,1x80x10x10,0.2772,90.2560,0.9145,1.5236
3#176#4_5#192#6_3#176#6_5#160#8_3#176#4,1x128x14x14,0.2314,369.4772,1.9077,5.0002
5#160#4_5#176#8_3#160#6_5#176#4_3#160#6,1x80x10x10,0.2456,163.2000,1.6528,2.5927
3#192#4_5#160#8_3#176#4,1x64x14x14,0.2911,184.0205,0.9508,2.5855
3#160#4_5#192#6_3#176#8,1x144x14x14,0.2550,236.9311,1.2233,3.2875
5#176#6_5#160#6_5#160#8_5#192#6,1x80x14x14,0.2405,272.9449,1.4102,4.5297
3#192#8_3#176#4,1x80x14x14,0.2955,101.6315,0.5257,1.3391
3#160#4_3#160#6,1x144x10x10,0.2996,51.9168,0.5263,0.7747
5#192#8_5#160#8_5#160#8_3#160#6_3#160#4_5#160#4,1x144x10x10,0.2759,224.2112,2.2697,3.4379
3#176#6_3#176#6_3#192#8_5#176#4,1x128x14x14,0.2387,302.6930,1.5629,3.8248
3#192#6_3#176#6,1x80x12x12,0.2859,89.0404,0.6264,1.1647
5#176#8_5#192#8_5#176#6_5#192#6_5#160#6,1x64x10x10,0.2506,213.4432,2.1592,3.2499
5#176#6_3#160#6_3#192#4,1x128x12x12,0.2679,133.8394,0.9414,1.8704
3#160#4_3#160#4_5#160#8_5#176#8,1x64x14x14,0.2586,237.6084,1.2281,3.7032
3#160#8_5#176#4_5#176#8_5#160#8_3#176#8_5#192#6,1x96x10x10,0.2292,246.3904,2.4940,3.9108
3#160#6_5#176#6_5#160#8,1x144x14x14,0.2546,236.1094,1.2196,3.2626
5#176#6_3#192#4_5#176#4_3#176#8,1x144x14x14,0.2291,287.4395,1.4841,3.7939
5#192#8_3#160#4_3#176#8_3#176#8_3#160#6_5#192#8,1x144x12x12,0.2230,379.4826,2.6670,5.0743
3#160#8_3#192#8,1x96x10x10,0.2883,71.1680,0.7213,1.2511
3#192#6_3#192#4_3#160#8_5#192#8_3#192#6,1x144x14x14,0.2226,427.0417,2.2042,5.5675
3#160#4_5#192#6_3#160#4_5#192#6,1x112x14x14,0.2380,242.4630,1.2525,3.9101
5#192#8_5#192#4_3#192#8,1x112x14x14,0.2587,241.8734,1.2484,3.2491
5#160#4_5#192#8_3#160#4_3#160#8_3#192#6,1x144x14x14,0.2293,359.1096,1.8548,5.1558
5#176#4_3#160#4_3#160#6,1x96x10x10,0.2665,71.7824,0.7277,1.1205
5#192#4_3#192#4_5#192#4_3#160#4,1x96x12x12,0.2534,153.0040,1.0755,2.1496
5#160#4_3#160#8_3#192#4_3#160#4,1x112x14x14,0.2498,223.7975,1.1568,3.0248
3#160#4_5#192#6_3#176#4_5#176#6,1x144x10x10,0.2304,131.7408,1.3334,2.0353
5#192#6_5#176#4_3#192#4_3#160#6,1x128x14x14,0.2387,268.7050,1.3874,3.6666
5#192#8_3#160#6_5#192#6_5#176#6_3#160#8_5#192#4,1x112x14x14,0.2192,475.8817,2.4572,6.9163
3#160#6_3#192#4_3#160#4,1x144x12x12,0.2749,124.3008,0.8744,1.8477
3#192#8_3#192#8_3#192#4_3#160#8_5#176#4_5#176#8,1x80x14x14,0.2349,485.2772,2.5053,6.1797
5#160#4_3#176#4_3#160#4_3#176#4_3#192#4_5#160#8,1x144x14x14,0.2400,370.5372,1.9139,5.3141
5#160#6_3#176#8_3#160#4,1x80x14x14,0.2723,172.6368,0.8927,2.3909
3#160#4_3#192#8,1x64x12x12,0.3073,81.0271,0.5703,1.1391
3#176#8_5#176#6_3#176#4_5#192#6,1x112x10x10,0.2413,138.6880,1.4039,2.0592
3#192#4_3#160#6_5#176#6,1x112x12x12,0.2583,141.5578,0.9954,2.0079
3#192#4_5#176#4,1x144x14x14,0.2802,110.1489,0.5689,1.5409
5#160#8_5#160#6_3#192#4_3#192#8_3#176#6_5#192#8,1x80x14x14,0.2269,477.1110,2.4632,6.3517
3#192#8_3#192#4_5#160#6_3#192#6_5#160#6_5#160#4,1x96x10x10,0.2304,207.6480,2.1018,3.2221
3#176#4_3#160#8_3#192#4_3#176#4,1x64x12x12,0.2750,169.0583,1.1892,2.3719
5#160#8_3#192#4_3#160#8_5#192#4,1x112x14x14,0.2445,274.9896,1.4207,3.8738
3#192#8_3#160#6_5#176#4_3#160#4_3#160#4_5#176#4,1x128x14x14,0.2287,354.3805,1.8311,4.9316
3#160#6_3#176#6_5#160#6_5#160#4_3#160#6,1x112x12x12,0.2422,217.7464,1.5320,3.0591
3#192#8_5#192#6_3#176#4_5#176#8_5#192#6,1x128x14x14,0.2184,418.5745,2.1602,5.8065
3#192#8_5#192#8_5#192#6_5#192#6,1x112x12x12,0.2427,269.6417,1.8934,3.7071
3#176#4_5#192#6_3#160#8_3#160#6_3#192#4_3#176#4,1x80x12x12,0.2418,292.8707,2.0589,3.9280
5#192#4_5#176#6_3#192#4_3#176#4_3#176#8,1x96x10x10,0.2246,175.5968,1.7770,2.5636
5#176#4_3#192#8_5#192#8,1x64x12x12,0.2699,183.1588,1.2866,2.4477
5#176#8_3#176#4_5#160#6_3#176#4_5#176#4_5#160#6,1x128x12x12,0.2147,280.3231,1.9709,4.0522
5#176#6_5#176#6_3#176#4,1x128x12x12,0.2580,133.5537,0.9390,1.9222
3#176#8_5#160#6_5#176#6_5#192#6_3#192#8,1x112x14x14,0.2095,415.9841,2.1476,5.5786
3#176#6_3#176#4_3#192#6_5#176#6_3#176#4_5#192#8,1x96x12x12,0.2162,315.7356,2.2187,4.2885
3#176#6_3#176#8_5#160#4_3#176#4_3#160#4,1x64x14x14,0.2670,277.8245,1.4359,3.7737
5#176#8_5#160#4_5#176#4,1x64x12x12,0.2835,99.1365,0.6980,1.6087
5#176#6_5#192#4,1x112x14x14,0.2757,105.9404,0.5475,1.5646
5#160#4_3#192#8,1x80x12x12,0.2861,85.0176,0.5982,1.2043
3#160#6_3#176#4_5#192#4_3#176#8_3#192#8_3#160#8,1x64x10x10,0.2679,242.1824,2.4510,3.3457
3#192#4_5#192#4_5#176#6_3#176#4_5#192#8_5#176#4,1x80x10x10,0.2367,208.2816,2.1070,3.1536
5#192#4_3#160#4_3#160#8_5#192#8_3#192#4_3#176#4,1x112x10x10,0.2282,203.6416,2.0613,3.0445
3#160#4_3#192#8_3#160#8_5#192#8_5#176#8_3#192#6,1x112x10x10,0.2281,280.4448,2.8374,3.9911
5#160#6_3#176#8_3#160#4_3#160#4,1x128x12x12,0.2375,174.5603,1.2281,2.4136
3#176#4_5#192#6_3#192#4_3#192#4,1x112x10x10,0.2526,120.5216,1.2197,1.8842
5#176#6_3#192#8_5#160#8_5#192#6_3#160#4,1x128x12x12,0.2271,309.6300,2.1755,4.2974
5#160#8_3#160#4_3#192#6_5#192#8_3#192#4_5#176#4,1x80x10x10,0.2243,203.5904,2.0604,3.2422
5#192#4_5#176#4_3#176#6_5#192#4,1x64x12x12,0.2698,160.0589,1.1253,2.2945
3#192#8_5#192#4_3#160#8_3#176#8_5#192#8,1x128x12x12,0.2277,333.7482,2.3451,4.4513
3#192#4_3#192#8,1x80x14x14,0.2947,138.9499,0.7175,1.7415
3#160#6_5#192#6_3#176#6_3#176#6_5#176#4_3#192#8,1x96x10x10,0.2236,223.9968,2.2670,3.2582
5#176#6_5#176#4_3#192#8_3#160#4,1x112x14x14,0.2392,268.1343,1.3847,3.5556
5#176#6_3#160#4_3#176#6,1x128x12x12,0.2619,130.4064,0.9174,1.8036
3#160#6_3#160#8_3#192#4_5#160#6_5#176#6,1x144x10x10,0.2427,181.6096,1.8388,2.8504
3#160#8_5#160#6_3#192#8_3#176#6,1x128x14x14,0.2369,316.8740,1.6368,4.2051
5#176#4_3#192#6_3#176#8_3#176#6_5#192#8,1x64x14x14,0.2476,410.0759,2.1168,5.2298
3#176#4_5#192#4_3#192#6,1x80x12x12,0.2637,124.1395,0.8727,1.6962
3#192#6_5#160#4_5#176#4,1x144x14x14,0.2682,177.4161,0.9164,2.5984
5#192#6_5#160#4_5#160#4_5#176#4,1x64x14x14,0.2727,180.4078,0.9327,2.7535
3#192#8_3#176#8_5#192#6_5#192#4_5#192#8_3#192#4,1x96x10x10,0.2589,255.2352,2.5815,3.8009
5#160#6_3#192#6_5#160#6_3#160#8,1x96x14x14,0.2310,282.3654,1.4589,4.1343
5#176#4_5#176#4_3#192#6_5#176#8,1x96x12x12,0.2321,211.0602,1.4830,3.0316
3#176#4_3#192#8_3#160#8_3#192#6_3#176#4_3#192#4,1x64x14x14,0.2627,436.0294,2.2516,5.5283
5#192#6_3#192#4_5#160#6_3#176#6,1x80x14x14,0.2420,251.6891,1.3001,3.5968
3#176#8_3#192#6_5#176#8,1x96x12x12,0.2577,187.4949,1.3177,2.5857
5#160#6_3#192#8_3#160#4_5#176#4_5#192#8,1x64x14x14,0.2463,343.5802,1.7745,4.7875
3#192#4_5#160#8_3#192#6_5#160#8_3#176#6,1x64x12x12,0.2471,293.2347,2.0609,4.0902
3#192#8_3#176#8,1x144x10x10,0.2861,103.7952,1.0502,1.4059
5#160#6_5#160#4_3#176#8_3#160#8_5#160#6,1x80x10x10,0.2297,167.5680,1.6974,2.5452
5#176#6_5#192#6,1x144x10x10,0.2754,77.2224,0.7814,1.1912
5#176#6_3#160#6_5#192#6,1x64x10x10,0.2845,89.8144,0.9099,1.4570
3#176#4_3#160#4_5#192#4_3#192#4_5#192#4,1x112x14x14,0.2492,257.1018,1.3280,3.7083
5#192#6_5#176#8_3#192#8_5#176#6,1x144x14x14,0.2230,397.5131,2.0510,5.4294
5#160#8_5#192#6_3#176#4_5#160#4,1x144x14x14,0.2417,274.4627,1.4175,4.1129
5#192#4_5#160#6,1x144x12x12,0.2760,100.8876,0.7090,1.5071
3#192#6_3#176#6_3#176#4_5#176#6_3#160#6,1x64x10x10,0.2739,162.6880,1.6472,2.3733
5#192#6_3#192#8_3#192#6,1x112x14x14,0.2581,254.5993,1.3140,3.2045
3#192#4_5#192#8,1x64x10x10,0.3053,70.8352,0.7167,1.1827
5#192#8_3#160#8,1x112x10x10,0.2806,90.1504,0.9127,1.2743
3#192#8_5#160#6_5#160#6_3#192#4_5#192#4_3#192#6,1x64x10x10,0.2589,197.2800,1.9969,3.0064
3#160#6_3#192#6,1x128x12x12,0.2815,90.1233,0.6342,1.2620
5#160#6_3#192#8_3#176#8,1x80x10x10,0.2746,124.5664,1.2610,1.8241
5#192#6_5#176#4_3#176#6_3#160#4_5#160#4_3#192#6,1x128x10x10,0.2274,187.5488,1.8987,2.8688
5#176#6_5#160#6_5#192#4_5#160#4_5#176#6_3#192#8,1x112x14x14,0.2227,425.5176,2.1973,5.9774
3#176#6_5#160#6_3#192#8,1x64x10x10,0.2867,100.9056,1.0221,1.5983
5#192#4_3#176#4_3#192#8_3#160#4_5#176#4_5#192#8,1x96x12x12,0.2336,314.0444,2.2068,4.2517
5#192#8_5#160#4_3#176#4_5#160#6,1x64x14x14,0.2568,222.4114,1.1495,3.2193
3#176#8_5#176#8_5#160#4_5#192#4_3#160#8,1x128x10x10,0.2418,201.3376,2.0378,3.0819
5#160#6_3#176#8_5#176#4_5#192#8_5#192#8_5#160#4,1x80x10x10,0.2243,241.0784,2.4390,3.7178
5#192#4_5#160#4_3#160#6_5#176#4,1x144x10x10,0.2554,113.0880,1.1451,1.8044
5#192#6_3#192#6_5#160#8,1x96x10x10,0.2640,126.1248,1.2761,1.8463
5#176#4_3#160#8_3#192#4_3#160#6_5#192#8_5#160#6,1x64x10x10,0.2576,227.9680,2.3075,3.3379
5#192#8_3#176#8,1x96x10x10,0.2789,87.1680,0.8824,1.2494
5#192#8_5#192#8_3#160#8_5#192#8_5#192#4,1x80x12x12,0.2117,323.4632,2.2723,4.5027
5#160#6_3#192#8_5#160#4,1x64x10x10,0.2901,91.8912,0.9307,1.5264
3#192#4_5#160#4_3#160#4,1x128x10x10,0.2648,72.3840,0.7333,1.1508
3#176#8_3#192#8_5#192#4_5#192#4_3#176#6,1x80x14x14,0.2453,361.5432,1.8665,4.7116
3#160#6_5#176#4_3#192#6_5#192#8_3#176#8,1x96x14x14,0.2308,411.6376,2.1248,5.2895
3#192#4_5#160#6_3#160#4_3#192#6_5#160#6_3#176#6,1x96x14x14,0.2319,393.9067,2.0346,5.7122
3#160#4_3#176#6_5#192#4,1x112x10x10,0.2770,81.3632,0.8242,1.2491
5#160#8_3#192#6_5#192#8_5#160#4_3#192#4,1x144x12x12,0.2359,286.4978,2.0130,4.0452
3#160#4_5#192#4_5#192#4_3#176#8_5#176#6,1x128x12x12,0.2226,254.8270,1.7906,3.5925
3#192#8_3#192#6,1x80x12x12,0.2920,93.3028,0.6563,1.2000
3#192#6_3#160#6_3#192#6_3#192#8_5#176#6,1x112x12x12,0.2301,309.0079,2.1711,4.1473
3#176#4_5#176#8_3#192#6_3#160#4,1x80x14x14,0.2508,268.4353,1.3863,3.5856
3#192#8_5#176#4_5#176#8_3#176#4,1x112x10x10,0.2504,142.2528,1.4399,2.2352
3#160#8_3#176#4_3#160#8,1x128x14x14,0.2708,213.1476,1.1018,2.7576
3#160#8_3#160#8_5#192#6_3#176#8_5#192#6,1x144x10x10,0.2375,225.9040,2.2862,3.2147
3#160#8_3#192#8_3#160#6_3#192#8,1x96x12x12,0.2453,237.7544,1.6719,3.0662
3#176#4_5#176#6,1x112x12x12,0.2821,79.3267,0.5580,1.1813
3#176#8_5#192#4_5#160#8_5#176#6_5#176#4_3#192#4,1x144x14x14,0.2120,443.7315,2.2910,6.1392
3#176#6_3#160#4_5#176#6_5#160#4_3#176#8_3#192#8,1x96x10x10,0.2377,214.1184,2.1679,3.1772
5#160#8_5#192#6,1x112x12x12,0.2734,97.4408,0.6855,1.6372
3#192#4_3#192#4_5#192#4_5#176#6,1x96x14x14,0.2398,242.0490,1.2495,3.2980
5#176#6_3#160#8_5#160#6_5#192#8_3#192#8,1x64x12x12,0.2301,298.8104,2.1002,4.3845
5#192#8_5#192#6,1x64x14x14,0.2964,122.9563,0.6352,1.8599
5#176#4_5#176#8,1x96x10x10,0.2831,66.1760,0.6700,1.1382
3#192#4_5#160#6_3#176#6,1x80x10x10,0.2794,92.9664,0.9415,1.4099
3#176#4_5#192#4_5#176#8_3#160#6,1x64x10x10,0.2706,141.5392,1.4325,2.1196
5#176#4_5#192#4,1x128x12x12,0.2752,72.2074,0.5078,1.1140
3#192#8_3#160#4_3#176#6_3#192#4_3#176#8_3#192#6,1x128x14x14,0.2412,465.0625,2.4014,5.8618
5#160#4_5#160#4,1x64x12x12,0.3114,42.4489,0.2993,0.7744
3#192#4_3#160#6_5#192#6_3#192#8_5#176#4,1x80x12x12,0.2392,271.2637,1.9060,3.7744
3#192#6_5#160#8_5#176#6_5#176#8_5#176#4,1x96x10x10,0.2304,197.0240,1.9938,3.1589
3#176#4_3#176#6_5#160#6_5#176#4_3#160#6,1x128x12x12,0.2347,234.0081,1.6454,3.1944
5#176#4_3#160#4_3#176#6_3#160#4_3#160#8_3#176#6,1x80x14x14,0.2359,350.0403,1.8094,4.8714
3#192#8_5#176#8_5#176#4_3#160#8,1x80x14x14,0.2515,315.9457,1.6316,4.3852
3#160#6_3#176#6_3#160#6_5#176#6_5#176#6,1x64x10x10,0.2385,162.4384,1.6451,2.5151
3#160#6_3#192#8_5#192#4,1x64x12x12,0.2765,130.5539,0.9182,1.8180
3#176#8_3#160#6_3#160#4_5#176#4,1x112x10x10,0.2673,114.8064,1.1634,1.7107
3#192#8_3#176#8_5#192#4_5#192#4_3#160#4_5#192#8,1x112x10x10,0.2291,236.0640,2.3885,3.4243
3#176#4_5#176#8_5#192#4,1x112x10x10,0.2660,99.4048,1.0061,1.6157
5#192#4_5#160#4_3#192#6_5#160#8_5#192#8,1x64x14x14,0.2475,373.3471,1.9277,5.4020
5#160#6_3#192#6,1x96x10x10,0.2846,55.4496,0.5621,0.9782
3#176#6_3#160#6_5#176#6_3#160#6,1x144x10x10,0.2493,146.9280,1.4878,2.1743
5#192#4_5#176#8_5#176#6_5#160#8,1x144x12x12,0.2343,260.2921,1.8284,3.7637
5#176#8_3#192#4_5#176#8,1x112x12x12,0.2562,178.0992,1.2516,2.5630
5#192#4_5#176#6_5#160#8_5#160#8,1x128x14x14,0.2162,326.4952,1.6857,4.8847
5#192#4_5#192#8_5#176#8_5#192#8,1x128x12x12,0.2216,295.7783,2.0767,4.2124
5#176#4_3#192#8_3#176#8_3#192#8_5#176#4,1x80x14x14,0.2396,427.6124,2.2072,5.3117
5#160#6_3#176#6_5#160#8_3#176#8_5#176#6,1x128x14x14,0.2115,396.8106,2.0495,5.5353
5#192#6_5#160#4_3#160#6_3#176#8_3#176#6,1x128x12x12,0.2234,255.8316,1.7988,3.5160
3#176#4_5#192#8_3#176#4,1x128x12x12,0.2603,157.4277,1.1062,2.1583
3#192#6_5#176#6_3#160#6_5#160#6_5#192#4,1x144x10x10,0.2341,180.7936,1.8299,2.8671
3#176#6_5#160#8_5#176#4_3#160#8_3#192#8_5#176#8,1x64x12x12,0.2394,366.7231,2.5775,5.1580
5#192#4_3#192#4_5#176#8_5#160#8,1x96x12x12,0.2325,232.4644,1.6333,3.3423
5#176#4_5#192#8_3#176#4_3#192#8_5#192#6,1x96x10x10,0.2198,207.7184,2.1010,3.0054
5#192#6_3#176#8_3#192#8_3#176#4,1x128x14x14,0.2384,350.9059,1.8112,4.3341
3#160#8_3#160#4_5#160#6,1x64x10x10,0.2877,67.1296,0.6811,1.1414
3#192#6_3#176#8_3#192#4_3#192#8_3#176#6,1x80x12x12,0.2444,307.3029,2.1591,3.8843
5#176#8_3#192#8_3#160#6,1x96x10x10,0.2653,125.6192,1.2717,1.7502
3#176#4_5#192#4_5#192#8,1x80x14x14,0.2628,203.3633,1.0497,2.8083
3#160#6_3#192#6_3#176#8,1x112x14x14,0.2687,234.5916,1.2117,3.0200
3#160#8_3#192#8_5#176#8_5#160#4,1x128x12x12,0.2354,250.1499,1.7581,3.4646
5#192#4_3#176#8_3#176#6_5#160#6_3#192#8,1x80x10x10,0.2498,200.6656,2.0309,2.9046
5#176#6_5#176#6,1x96x12x12,0.2816,84.3955,0.5937,1.2914
5#160#4_5#160#4_5#192#8_5#176#8_3#176#8_3#176#8,1x112x12x12,0.2317,365.6264,2.5692,5.1439
5#192#4_5#160#8_5#176#8_3#192#4_5#192#8,1x96x12x12,0.2096,311.9155,2.1912,4.3543
5#160#6_3#192#6_3#176#8_5#192#4,1x80x10x10,0.2557,144.0608,1.4583,2.1531
5#160#4_5#192#6,1x80x14x14,0.2872,96.0870,0.4968,1.7329
3#160#4_5#160#6_3#160#4_3#160#6,1x144x14x14,0.2629,207.9419,1.0751,2.8623
5#160#6_3#192#8,1x128x14x14,0.2740,147.7181,0.7633,2.1939
3#192#6_3#192#6_3#160#6,1x64x14x14,0.2853,198.6217,1.0260,2.5751
3#192#4_3#160#6_5#160#6_3#192#6,1x128x10x10,0.2591,134.8096,1.3650,2.0360
3#176#8_3#192#4_3#192#4_3#176#8_5#176#4,1x96x10x10,0.2373,171.2000,1.7329,2.4743
3#160#4_3#160#6_3#160#6_5#192#6_5#176#8_3#192#6,1x112x10x10,0.2326,223.7472,2.2647,3.3020
3#160#8_3#176#8_5#160#4_3#160#6_3#176#4_3#176#6,1x96x14x14,0.2403,375.7242,1.9420,4.9449
3#176#6_5#192#6_5#160#4_3#160#8_3#176#6_3#176#6,1x64x14x14,0.2442,399.3759,2.0632,5.4470
5#160#8_5#160#4_5#176#4,1x112x12x12,0.2677,110.0206,0.7744,1.7985
5#192#8_3#176#6_3#160#6_3#176#4_5#160#6,1x144x14x14,0.2325,384.6367,1.9862,5.1640
5#176#8_3#160#8_5#192#4_3#160#4_5#160#4,1x112x14x14,0.2279,316.5102,1.6354,4.5391
3#160#6_5#176#6_5#176#4,1x128x12x12,0.2540,127.9734,0.9002,1.8920
3#160#4_5#176#8,1x80x14x14,0.2851,114.2131,0.5905,1.7601
5#176#8_3#176#4_5#176#4_5#192#4,1x112x12x12,0.2404,162.7453,1.1444,2.3908
3#192#8_3#192#8_5#192#8_5#160#4_3#192#6,1x112x14x14,0.2311,437.3466,2.2571,5.7747
5#192#8_3#160#6_3#176#6_5#192#8_5#160#4,1x128x10x10,0.2326,209.1200,2.1160,3.0667
5#176#8_5#176#6_3#192#8_5#192#6_5#160#6_5#160#4,1x112x12x12,0.2140,348.4616,2.4483,4.8852
5#192#4_3#160#6_3#192#8_3#176#4_5#160#6,1x64x14x14,0.2555,344.2387,1.7779,4.6959
5#176#6_5#192#4,1x64x14x14,0.2963,83.0036,0.4293,1.3109
3#160#6_5#160#4_5#192#8_3#176#4,1x128x14x14,0.2414,255.9729,1.3223,3.6525
3#176#6_5#192#8,1x80x14x14,0.2791,142.7695,0.7375,1.9928
3#160#4_3#160#4_3#160#8,1x96x12x12,0.2744,107.8272,0.7593,1.5113
5#160#4_5#176#8_3#176#8_5#176#4_3#192#6,1x96x14x14,0.2364,356.5444,1.8413,4.7859
3#176#4_5#160#6_5#176#6_3#192#6_3#160#4,1x96x10x10,0.2466,164.8768,1.6692,2.5364
5#160#8_5#176#4_5#160#8_3#192#4,1x80x10x10,0.2574,123.9808,1.2559,2.0256
5#176#6_3#160#6_5#176#4,1x128x14x14,0.2636,181.6685,0.9388,2.5435
3#176#4_5#160#4_3#192#6,1x128x14x14,0.2627,165.1041,0.8532,2.3749
3#176#8_3#192#4_5#160#8,1x80x12x12,0.2696,157.3448,1.1063,2.1878
3#192#6_5#176#6,1x80x12x12,0.2789,91.6946,0.6448,1.3083
5#160#4_5#160#4_3#176#6_5#192#6_5#176#6,1x96x12x12,0.2282,235.9803,1.6587,3.4131
5#192#8_5#176#8_3#176#4_5#160#8,1x112x10x10,0.2512,174.4320,1.7650,2.6062
5#160#4_5#192#4_3#160#8,1x128x12x12,0.2606,149.4651,1.0508,2.1469
5#192#6_3#176#4_5#160#6_3#192#8,1x112x12x12,0.2334,211.4058,1.4861,2.9869
3#160#4_3#176#4,1x128x12x12,0.2885,60.6966,0.4275,0.8676
5#192#6_3#160#4_3#176#6,1x128x12x12,0.2605,137.7884,0.9690,1.9726
3#176#8_3#160#8_5#176#6,1x112x14x14,0.2562,230.1949,1.1896,3.0387
5#192#4_5#160#6_5#192#8_5#192#4_3#192#8,1x80x10x10,0.2328,200.6464,2.0297,2.9974
5#176#4_5#192#6,1x112x14x14,0.2732,119.3123,0.6162,1.8396
3#176#6_3#160#6_5#160#6_5#192#4,1x144x14x14,0.2471,255.8349,1.3218,3.5890
3#192#6_5#176#8_5#160#8_3#192#8_3#176#8_3#192#6,1x144x10x10,0.2288,303.7184,3.0723,4.3658
3#160#6_3#192#6_5#160#8_5#176#6_3#160#8_3#176#4,1x80x12x12,0.2355,325.0068,2.2851,4.6065
5#176#4_5#176#8_3#192#8,1x112x12x12,0.2505,180.7718,1.2703,2.4373
5#176#8_3#160#8_5#192#4,1x64x10x10,0.2953,93.2864,0.9453,1.5113
3#192#8_5#160#8_3#192#8_5#192#4_5#160#6,1x144x10x10,0.2249,230.6816,2.3336,3.4200
3#176#4_3#192#4_5#192#4_3#192#4,1x144x14x14,0.2646,221.4769,1.1435,3.0193
5#192#6_5#176#6_3#176#8,1x80x14x14,0.2524,225.9363,1.1668,3.0082
3#160#4_3#176#6_3#176#8_3#192#8_5#176#6,1x112x12x12,0.2354,297.0132,2.0873,3.8292
5#176#6_5#160#8_5#192#6_3#176#8_3#176#4_3#192#6,1x96x10x10,0.2187,241.5968,2.4449,3.5515
5#160#4_3#176#4_3#176#8_3#192#4,1x128x10x10,0.2623,123.7184,1.2527,1.7989
5#160#4_5#160#6,1x96x12x12,0.2869,65.4428,0.4608,1.1386
3#160#4_3#160#6_5#192#4_5#160#8,1x112x14x14,0.2430,262.9222,1.3582,3.7786
3#192#8_3#176#6,1x64x10x10,0.3041,61.6064,0.6242,0.9236
5#176#8_3#176#8_5#160#4_5#176#6,1x64x14x14,0.2498,257.2022,1.3290,3.6265
5#192#4_5#192#8,1x80x14x14,0.2883,144.7703,0.7472,2.0451
3#176#8_5#176#6_3#176#6_3#160#6_5#176#4_5#192#8,1x128x10x10,0.2308,236.1184,2.3897,3.4216
3#160#4_3#160#6_3#176#4_5#176#8,1x64x12x12,0.2532,167.8326,1.1806,2.3749
3#176#6_5#192#8_5#176#4_3#160#4_3#160#4_5#192#4,1x80x10x10,0.2326,181.7632,1.8402,2.8818
5#160#4_5#160#8_5#176#8_3#192#4_3#160#4,1x128x14x14,0.2312,337.0698,1.7410,4.9719
3#192#4_3#176#6,1x144x14x14,0.2830,136.1149,0.7029,1.7163
5#160#4_3#176#8_3#160#6_5#176#8_3#192#4,1x128x10x10,0.2382,183.2416,1.8553,2.7863
5#176#8_3#192#8_3#160#8,1x144x10x10,0.2709,157.2608,1.5911,2.1395
3#192#4_3#192#8_5#176#8,1x144x10x10,0.2653,146.7456,1.4839,2.0894
5#160#4_5#160#8_3#192#8,1x112x12x12,0.2509,156.2941,1.0992,2.2314
3#160#6_5#176#8_3#160#4_3#176#8_3#176#4_5#176#4,1x112x12x12,0.2453,281.8575,1.9822,3.8638
3#192#6_5#176#6,1x128x12x12,0.2725,109.9837,0.7730,1.5066
5#160#4_5#176#4_3#160#8_3#160#8_3#160#6_5#160#6,1x144x14x14,0.2766,402.5495,2.0801,5.6185
3#192#8_3#192#4,1x96x10x10,0.2970,54.8352,0.5557,0.8787
5#160#4_3#192#6_3#160#8,1x112x10x10,0.2721,111.3472,1.1273,1.6412
5#160#4_3#192#4_5#176#6_3#160#6_5#192#8_3#192#8,1x128x14x14,0.2250,477.9327,2.4671,6.4230
5#176#8_3#176#8_3#160#4_5#192#4_5#160#8,1x80x10x10,0.2461,185.5040,1.8779,2.8566
3#160#4_3#160#6,1x80x14x14,0.3024,80.0307,0.4144,1.2055
5#192#6_5#192#4_5#160#4_3#160#6,1x96x14x14,0.2330,225.1899,1.1634,3.1996
5#176#6_5#160#8,1x128x14x14,0.2717,159.0830,0.8217,2.2886
3#176#6_3#192#8_5#192#6_3#192#6_3#176#4_3#192#8,1x144x14x14,0.2363,526.4654,2.7168,6.5479
3#160#4_5#176#6_5#192#4_5#176#6_3#192#4,1x144x12x12,0.2351,241.0906,1.6943,3.4595
3#160#6_5#192#4,1x96x14x14,0.2874,86.2400,0.4463,1.3796
3#192#8_5#192#8_3#176#8_3#192#8_5#176#8_3#192#6,1x80x12x12,0.2230,442.1146,3.1053,5.7442
3#192#4_5#176#6_5#192#4_3#160#6_5#160#6_5#160#4,1x64x10x10,0.2605,187.5712,1.8988,2.9168
3#176#8_3#192#6_5#176#4,1x144x14x14,0.2621,229.6869,1.1860,3.0087
5#160#4_5#160#6,1x144x12x12,0.2884,78.2991,0.5509,1.3836
5#176#8_5#176#4_3#160#4,1x96x12x12,0.2696,112.5274,0.7919,1.6876
5#160#4_5#192#4_3#160#4_5#160#6_5#176#6_5#176#4,1x112x12x12,0.2218,245.1272,1.7237,3.8357
5#176#8_3#192#8_3#160#8_5#192#8,1x144x12x12,0.2319,300.3679,2.1103,4.0210
3#192#6_3#160#4_3#176#6_3#192#4,1x80x14x14,0.2590,218.8865,1.1313,2.9313
5#192#6_5#176#6,1x144x12x12,0.2683,118.9555,0.8356,1.4920
3#160#8_3#176#4,1x96x14x14,0.2914,91.6966,0.4748,1.3138
3#160#4_3#176#4_5#160#8_3#160#6,1x64x14x14,0.2586,229.5427,1.1865,3.1588
3#192#6_5#192#6_5#192#8_3#192#4_3#160#4,1x96x12x12,0.2319,273.4111,1.9205,3.6748
5#192#6_3#192#6,1x96x12x12,0.2827,93.8097,0.6595,1.2578
3#176#6_3#176#6_5#192#8_5#176#6,1x80x14x14,0.2348,312.8474,1.6151,4.1984
3#176#4_3#192#4_5#192#4_5#160#6_5#160#4,1x144x10x10,0.2324,151.3984,1.5322,2.3134
5#192#6_3#176#4_5#176#8_3#176#8_3#192#4,1x80x14x14,0.2478,356.6322,1.8416,4.7180
5#176#6_3#160#8_3#176#4_3#160#6_5#192#4,1x80x14x14,0.2452,308.9587,1.5967,4.2593
5#192#4_3#192#4,1x112x14x14,0.2870,92.2611,0.4768,1.3320
5#160#4_5#192#6_5#160#8,1x96x14x14,0.2555,220.6364,1.1393,3.4221
3#192#6_5#160#4_3#192#4_5#192#4_3#160#6_5#160#4,1x128x14x14,0.2317,360.7905,1.8633,5.0477
3#160#6_3#176#4_5#176#4_3#192#8_5#176#6_3#192#6,1x64x14x14,0.2518,411.0355,2.1225,5.4133
5#176#6_3#176#6_5#192#4_5#192#8,1x80x14x14,0.2309,287.8973,1.4862,3.9139
3#192#4_3#192#8_5#176#8_3#176#6,1x144x14x14,0.2269,362.3397,1.8697,4.6866
5#176#8_3#192#6_3#176#4_5#176#6_3#176#6,1x128x12x12,0.2341,272.7337,1.9168,3.7031
5#176#4_5#192#6_3#192#8_3#160#6,1x80x12x12,0.2505,230.8378,1.6218,3.1302
3#192#4_5#176#4_3#160#6_5#176#6,1x128x12x12,0.2336,186.6010,1.3119,2.7047
5#192#4_3#160#6_5#192#8_5#160#4,1x128x10x10,0.2431,148.1344,1.4991,2.2107
3#192#6_3#192#4_5#192#8_3#160#8_3#192#6,1x80x10x10,0.2543,204.2784,2.0669,3.0763
5#192#4_3#176#6_3#160#6_5#192#4_5#176#6_5#176#4,1x96x10x10,0.2253,202.3136,2.0475,3.1574
3#176#6_3#160#4_5#176#4_3#176#4_5#160#4_5#192#6,1x112x14x14,0.2342,329.0103,1.7000,4.9127
3#192#8_3#192#4_5#192#4_3#176#4_5#176#4_3#160#4,1x96x12x12,0.2313,248.0026,1.7435,3.4115
5#192#4_3#176#4,1x128x12x12,0.2787,75.5343,0.5312,1.1202
5#176#4_3#192#4_5#176#4,1x96x14x14,0.2645,150.0890,0.7754,2.1660
5#160#8_3#176#6_5#192#8,1x80x14x14,0.2599,221.2636,1.1431,3.1649
5#176#4_3#192#4,1x128x14x14,0.2825,96.0745,0.4965,1.5053
5#192#6_3#192#8_5#176#6_3#192#8_5#160#6,1x96x12x12,0.2258,333.8680,2.3451,4.4840
3#176#4_3#192#8_5#160#4,1x144x12x12,0.2650,158.3585,1.1129,2.0786
5#160#4_3#160#6_3#176#8_5#192#8,1x64x12x12,0.2559,208.3277,1.4648,2.8679
3#192#8_5#192#4_3#160#6_5#160#8_3#192#4_3#176#8,1x144x10x10,0.2372,250.2016,2.5318,3.5624
5#176#4_3#160#4,1x64x10x10,0.3154,35.0144,0.3554,0.6117
3#160#8_5#160#4_5#176#8,1x112x12x12,0.2609,141.2260,0.9937,2.1181
5#160#6_3#160#8_3#192#4_5#192#8,1x144x10x10,0.2296,161.8400,1.6378,2.4967
5#192#8_5#176#6_5#176#8_3#160#8_3#176#6,1x96x14x14,0.2286,421.2902,2.1754,5.7537
5#176#8_5#160#8_3#160#6_5#176#4_5#192#6,1x96x14x14,0.2302,353.8349,1.8278,5.0590
3#192#4_3#176#4_5#192#4_3#192#4_5#176#8,1x64x10x10,0.2694,165.3184,1.6727,2.5088
3#176#6_3#176#4_5#192#4_3#160#4_3#192#4,1x80x14x14,0.2542,250.0207,1.2921,3.4422
3#192#8_5#176#8_5#192#8_3#176#8_3#192#8_3#192#6,1x96x12x12,0.2213,446.5889,3.1367,5.8079
3#192#8_3#192#6_5#192#8,1x96x12x12,0.2560,191.1583,1.3429,2.4906
3#176#8_3#192#6_5#176#6,1x64x10x10,0.2852,105.7184,1.0703,1.5553
5#192#6_5#192#4_5#160#4,1x80x12x12,0.2688,114.0895,0.8022,1.7228
3#160#8_5#160#8_5#160#4_5#176#4_5#192#6,1x144x10x10,0.2458,175.4016,1.7759,2.6912
3#176#8_3#192#8_3#176#8,1x128x10x10,0.2690,152.0512,1.5386,2.0015
3#160#8_3#176#4,1x64x14x14,0.3122,74.1852,0.3845,1.0660
5#176#6_3#160#4_3#160#8,1x96x10x10,0.2605,88.0128,0.8921,1.3207
5#192#6_3#192#4_3#176#4_5#176#6_3#192#6,1x64x12x12,0.2465,226.8518,1.5945,3.1086
5#192#6_5#192#6_5#192#6,1x128x12x12,0.2449,177.3896,1.2457,2.5901
3#160#8_3#160#6_3#160#8_3#192#8,1x128x10x10,0.2508,155.4368,1.5746,2.2127
3#192#4_5#176#6,1x144x12x12,0.2722,102.6570,0.7213,1.4198
5#176#4_3#176#4_5#160#6_5#176#6_5#176#4,1x112x12x12,0.2178,210.7561,1.4819,3.1195
3#160#6_5#176#6_5#192#6_5#176#6_3#176#6_5#192#4,1x80x12x12,0.2117,307.3029,2.1597,4.3661
5#176#6_5#192#6_5#192#8_3#160#6_5#160#8,1x128x10x10,0.2147,224.0416,2.2665,3.3763
3#176#4_5#160#6_5#192#4_5#192#8_5#192#4,1x144x12x12,0.2328,264.7526,1.8598,3.8122
3#176#8_3#192#4_5#192#6_3#176#4_3#160#8_3#160#8,1x128x12x12,0.2380,341.5357,2.4007,4.5132
3#176#8_5#176#4,1x144x10x10,0.2997,66.9760,0.6783,0.9828
3#176#4_5#192#4_5#160#4_5#192#6,1x144x14x14,0.2370,242.6888,1.2532,3.7405
3#160#6_5#192#6_3#192#6,1x64x14x14,0.2731,185.2372,0.9569,2.7500
5#160#4_3#192#6_3#192#8_5#160#4,1x80x12x12,0.2559,201.4249,1.4156,2.8325
5#192#8_5#176#6_3#160#8_3#176#6_3#192#4_5#160#4,1x112x10x10,0.2318,229.5552,2.3234,3.3454
3#176#8_5#160#4_3#160#6_3#160#8_5#160#6,1x80x10x10,0.2799,153.4144,1.5547,2.3350
3#192#8_5#192#6,1x128x12x12,0.2760,119.9002,0.8425,1.7177
5#160#6_5#160#4_3#176#6_5#176#8_3#176#4,1x144x10x10,0.2372,167.2416,1.6931,2.6306
3#160#6_5#192#6_5#160#6_5#160#6,1x144x14x14,0.2247,290.5379,1.5005,4.4364
5#160#6_3#192#4_3#192#8_5#160#4,1x128x10x10,0.2574,144.6528,1.4639,2.2171
3#176#8_5#176#6_3#192#4,1x64x10x10,0.2933,83.6064,0.8470,1.2910
3#192#8_5#160#4_5#192#8_3#176#4_5#192#4,1x144x10x10,0.2408,189.2416,1.9148,2.8114
3#176#6_5#192#4_5#160#8_3#160#4_5#192#8,1x80x10x10,0.2404,178.5376,1.8072,2.7172
3#192#4_3#160#8_3#160#4_5#176#4_5#192#4,1x128x14x14,0.2424,305.4589,1.5778,4.1123
5#160#8_5#176#4_3#176#8_3#192#6_3#192#8,1x112x12x12,0.2215,300.5384,2.1121,4.0565
5#160#6_3#192#4_5#192#6_5#192#6_3#160#6,1x144x10x10,0.2449,195.7984,1.9807,2.9286
3#176#8_3#176#4_3#160#8_3#192#6_5#176#8_3#160#8,1x96x10x10,0.2418,252.9408,2.5604,3.5772
5#192#6_3#176#8,1x112x10x10,0.2791,85.5456,0.8658,1.2515
5#160#4_3#176#4_5#160#4_5#176#8,1x144x14x14,0.2355,241.8734,1.2496,3.6622
3#192#8_3#192#6_3#192#6_3#160#6_3#160#4,1x80x12x12,0.2351,253.1267,1.7793,3.2121
3#192#4_5#160#6_3#176#4,1x80x12x12,0.2755,117.9740,0.8299,1.7310
3#160#8_3#160#4_3#176#8_5#176#4,1x144x10x10,0.2389,132.9344,1.3465,1.9128
3#176#6_5#160#4_5#176#6_3#192#4_5#160#6_5#192#4,1x144x12x12,0.2279,288.4101,2.0272,4.2423
5#160#8_5#192#8_5#192#6_5#176#6,1x64x12x12,0.2517,231.6534,1.6276,3.5766
3#176#4_5#176#8,1x112x14x14,0.2796,133.9825,0.6921,1.8969
5#192#4_3#192#6_3#160#6_5#160#8,1x80x14x14,0.2351,284.4603,1.4691,4.1529
5#192#4_5#160#8_5#192#6_3#192#6_5#192#6_3#160#6,1x112x14x14,0.2043,498.1975,2.5711,7.0985
5#192#8_5#192#4_5#192#4_3#176#8,1x64x14x14,0.2551,273.8606,1.4139,3.7175
5#160#8_3#192#8_5#192#4_3#176#6_5#176#4,1x96x14x14,0.2243,347.2305,1.7932,4.9341
3#176#4_5#160#6,1x64x12x12,0.3031,69.7513,0.4910,1.0807
5#192#8_5#176#6_3#160#4_5#176#6,1x144x14x14,0.2301,308.8584,1.5945,4.4429
5#176#6_5#192#4_5#160#4_5#160#8_5#192#8,1x80x14x14,0.2268,339.9738,1.7559,5.2821
5#192#6_5#192#6,1x96x10x10,0.2851,66.9888,0.6780,1.0671
3#160#4_3#176#8,1x128x10x10,0.2805,64.2304,0.6508,0.9224
3#160#4_5#160#4_5#176#6_3#160#8_5#160#8_3#176#6,1x144x12x12,0.2138,304.3768,2.1404,4.3906
5#192#4_5#160#4_3#160#6_5#160#8_3#176#4_3#192#6,1x144x12x12,0.2347,287.1567,2.0189,3.9998
3#192#8_5#160#6_3#160#4,1x64x12x12,0.2760,118.5915,0.8345,1.7632
3#160#6_5#192#4,1x112x14x14,0.2846,93.8354,0.4854,1.4724
3#160#6_5#160#6_3#192#4_3#176#6_5#192#8_5#192#8,1x112x10x10,0.2242,248.3168,2.5123,3.8091
3#160#4_3#160#6_3#192#8_3#176#6,1x64x10x10,0.2757,134.6624,1.3637,2.0099
3#192#4_5#160#4_5#160#4,1x112x10x10,0.2638,70.2784,0.7120,1.2072
3#192#4_3#176#8_3#176#8_5#176#4_3#176#4,1x112x14x14,0.2823,353.2767,1.8242,4.5114
5#192#4_3#160#4_5#176#4,1x144x14x14,0.2670,157.3394,0.8128,2.3165
3#160#8_5#176#4_3#160#4,1x112x10x10,0.2799,79.9936,0.8109,1.2479
5#192#6_5#192#6_5#160#4_5#192#6_3#160#4,1x128x14x14,0.2283,349.1873,1.8025,5.1515
5#176#6_5#192#6_5#176#4_3#176#8_5#176#4_3#160#6,1x96x14x14,0.2153,419.1578,2.1644,5.7483
5#160#6_3#176#8_5#160#8,1x80x10x10,0.2700,114.6208,1.1609,1.7377
3#160#8_5#160#6_5#192#6_3#160#6_3#160#6_5#160#8,1x112x12x12,0.2390,316.4498,2.2255,4.6293
5#160#6_5#192#6_5#176#6,1x80x12x12,0.2570,146.7602,1.0317,2.2843
5#192#4_3#176#4_5#160#6,1x80x12x12,0.2706,121.4070,0.8538,1.7638
5#176#6_5#192#6_5#176#8,1x144x10x10,0.2592,140.9664,1.4257,2.1043
5#192#4_5#192#6,1x96x12x12,0.2798,87.8100,0.6171,1.2998
5#176#6_5#192#6_3#160#8,1x112x10x10,0.2616,126.4064,1.2793,1.8345
3#192#8_5#192#6_3#176#4_5#192#4_5#192#8,1x112x12x12,0.2116,293.0596,2.0584,4.0289
5#176#6_3#176#8_3#192#8_5#160#6_3#160#6_5#192#6,1x128x12x12,0.2048,363.1104,2.5518,4.9519
5#176#8_5#176#4_5#160#4_3#176#8,1x128x10x10,0.2461,137.6896,1.3942,2.0888
3#176#6_5#176#6_5#192#6_3#192#4_5#192#6_5#160#4,1x64x12x12,0.2245,294.7738,2.0711,4.1954
3#192#6_5#176#4_3#176#4,1x64x10x10,0.2822,70.3808,0.7131,1.1154
5#176#8_3#160#4_5#192#6,1x96x12x12,0.2590,130.8488,0.9205,2.0301
5#176#6_3#176#8_3#160#6_3#176#6,1x80x12x12,0.2453,202.9087,1.4271,2.6566
3#192#6_3#176#6,1x128x14x14,0.2801,146.0874,0.7545,1.7988
3#192#6_5#176#8_5#160#8_5#176#4,1x64x12x12,0.2521,222.7876,1.5659,3.2678
5#176#8_3#192#8,1x112x10x10,0.2775,86.4768,0.8755,1.2376
3#176#8_5#176#8_3#192#6_5#160#4,1x144x12x12,0.2322,242.9752,1.7074,3.2587
5#160#6_3#176#8_5#176#8_5#176#4_3#176#4_5#176#8,1x112x12x12,0.3024,326.6565,2.2960,4.5498
3#176#6_3#160#4_3#160#4,1x144x12x12,0.2682,113.9328,0.8017,1.5593
3#192#8_3#176#6_5#192#4_3#160#4_3#192#6_3#160#6,1x112x10x10,0.2448,221.2352,2.2392,3.2194
3#192#6_5#192#4_5#192#6_3#160#8_3#160#4,1x64x12x12,0.2432,244.0950,1.7156,3.3106
3#176#8_5#160#8_3#160#4,1x144x12x12,0.2557,165.7958,1.1659,2.2750
3#176#8_3#192#8,1x64x10x10,0.3066,70.3360,0.7125,0.9909
5#192#4_3#176#6_3#192#6_3#160#4_3#192#4,1x64x12x12,0.2660,223.7691,1.5731,2.9862
3#160#6_5#176#8_3#192#8_3#176#4,1x128x14x14,0.2367,318.8434,1.6465,4.1442
3#160#4_3#160#6_5#192#4_5#160#6_3#160#4,1x112x12x12,0.2294,202.6414,1.4253,3.0536
5#176#8_5#176#6,1x112x12x12,0.2758,100.5512,0.7072,1.5061
5#176#8_5#176#6,1x112x14x14,0.2780,136.8613,0.7072,2.0797
3#160#4_3#160#4_3#192#6,1x80x10x10,0.2876,68.0320,0.6898,1.1125
5#192#8_5#160#6_5#160#8_5#176#6,1x128x10x10,0.2428,165.9200,1.6793,2.6267
3#160#6_3#160#8_5#192#6_5#160#8,1x80x12x12,0.2398,224.0456,1.5753,3.2386
5#176#8_3#192#8_3#176#4,1x64x12x12,0.2849,149.0227,1.0478,1.9953
5#160#4_3#192#8_5#192#6_5#176#8,1x64x12x12,0.2614,241.2564,1.6948,3.4073
3#192#4_5#176#8_3#160#8_3#192#6,1x80x12x12,0.2473,235.2845,1.6537,3.3478
5#192#8_5#160#6_5#160#6_5#160#8_5#192#4_5#192#6,1x144x12x12,0.2158,349.1297,2.4531,5.2271
3#160#4_5#192#6_5#192#4,1x112x10x10,0.2586,85.0560,0.8611,1.4056
5#160#8_5#160#4,1x96x12x12,0.2889,65.0834,0.4586,1.1460
3#176#6_3#176#4,1x144x10x10,0.2998,56.3744,0.5711,0.8168
5#192#8_5#160#6_5#160#4,1x144x12x12,0.2541,162.6255,1.1429,2.3982
5#160#4_5#160#6,1x112x10x10,0.2864,48.2176,0.4888,0.8654
3#176#8_3#192#4,1x96x10x10,0.2895,53.1904,0.5393,0.7912
3#160#6_3#176#6_5#160#4,1x96x12x12,0.2709,116.5916,0.8206,1.6640
5#176#8_3#160#4_5#160#8_5#176#4_3#160#6,1x112x14x14,0.2352,326.2381,1.6858,4.9879
3#192#4_3#192#4_3#192#4_5#192#4,1x80x14x14,0.2758,200.5158,1.0355,2.7195
5#192#8_3#192#6_5#160#6_5#192#8_3#192#8,1x64x10x10,0.2245,219.0848,2.2164,3.1818
3#192#8_3#160#4_5#176#8_5#176#4,1x128x14x14,0.2289,279.3172,1.4427,3.8339
3#160#8_5#192#8,1x80x14x14,0.2826,134.3462,0.6946,2.0034
3#160#4_3#192#8_3#176#4_3#192#6_3#176#8_5#176#6,1x128x12x12,0.2316,350.1435,2.4604,4.5402
5#160#8_3#192#6_3#192#8_3#176#6_5#192#6_3#176#4,1x128x10x10,0.2349,256.2144,2.5922,3.7279
3#160#8_3#176#8_5#160#4_5#176#6_3#160#6_5#192#6,1x128x12x12,0.2226,322.0577,2.2646,4.5258
3#160#4_3#192#6_5#176#6_5#176#6,1x144x12x12,0.2225,210.9957,1.4827,3.0104
5#160#6_3#160#8_5#192#8_5#176#4_5#176#4,1x128x12x12,0.2121,258.6655,1.8183,3.8004
3#176#6_3#160#4_3#192#4_3#160#6_5#192#6_5#160#6,1x128x14x14,0.2320,411.5937,2.1257,6.0612
3#192#6_5#176#4_5#176#4_3#192#6_3#192#8_5#176#8,1x96x12x12,0.2190,354.7469,2.4920,4.8850
5#160#6_3#160#4,1x80x12x12,0.2973,50.4806,0.3560,0.8493
5#192#6_5#192#6_3#160#6,1x96x10x10,0.2603,111.6480,1.1298,1.6546
3#192#8_3#160#6,1x144x12x12,0.2824,125.5219,0.8823,1.6010
5#176#8_5#192#8_3#160#4_5#160#8,1x96x14x14,0.2246,310.0124,1.6011,4.5958
3#176#4_3#176#4,1x112x14x14,0.2961,79.7548,0.4126,1.0779
3#176#4_5#160#8_5#176#6_5#176#8,1x64x12x12,0.2415,218.4468,1.5356,3.1933
3#176#6_5#160#6,1x144x12x12,0.2760,103.5325,0.7280,1.4413
5#160#4_3#192#6_5#192#4_5#192#6_3#176#6,1x128x12x12,0.2376,260.8404,1.8325,3.5874
3#192#6_3#160#4,1x112x10x10,0.2892,53.9808,0.5470,0.8344
5#192#4_5#160#4_5#176#6_5#160#8_3#160#4_5#192#8,1x80x12x12,0.2184,297.4556,2.0911,4.4922
5#192#8_3#192#6_5#160#6_3#160#6_3#160#4,1x64x12x12,0.2548,230.4461,1.6205,3.2097
3#192#4_5#176#6_3#192#4_5#176#8_5#160#8,1x144x10x10,0.2376,218.5984,2.2111,3.2055
5#160#8_3#160#4_5#176#4_3#176#8,1x128x14x14,0.2355,258.5318,1.3359,3.5078
3#176#8_3#192#8_5#160#6_3#176#8_5#176#8,1x112x12x12,0.2120,333.5086,2.3438,4.4028
5#160#8_5#160#4_5#176#8_3#176#4,1x112x12x12,0.2267,179.8871,1.2654,2.7106
5#192#6_3#192#6,1x128x12x12,0.2775,106.8872,0.7511,1.5146
5#176#4_5#176#4_5#192#6,1x112x10x10,0.2666,87.4144,0.8848,1.4098
5#160#8_5#176#8_5#192#6_5#160#6_3#192#4,1x80x14x14,0.2309,362.2519,1.8709,5.4150
5#176#4_5#160#8_5#192#8_3#176#4_5#160#8,1x96x12x12,0.2263,293.8245,2.0650,4.2831
5#160#4_3#176#6_5#160#4_3#192#8_3#176#4_5#160#8,1x112x14x14,0.2315,420.4623,2.1717,5.8155
3#176#6_3#192#4_5#160#4_5#160#6_3#160#6,1x64x12x12,0.2604,197.7661,1.3913,2.8961
3#192#6_5#192#4_3#160#8,1x128x14x14,0.2626,230.6089,1.1907,2.9495
5#176#8_3#160#8_3#176#4_3#160#8_5#192#4_5#160#6,1x112x12x12,0.2299,333.2137,2.3427,4.8361
5#192#8_5#160#4,1x144x10x10,0.2868,76.3776,0.7729,1.2364
3#176#8_5#192#6,1x112x14x14,0.2753,143.9863,0.7439,2.0459
5#176#6_5#192#6_3#160#6_5#176#8_3#160#8,1x144x12x12,0.2236,320.1085,2.2495,4.4439
5#176#8_3#192#6_5#192#8_5#192#6_5#192#4,1x144x10x10,0.2586,226.8192,2.2935,3.4025
3#176#8_5#176#6_3#192#4_5#160#8_3#176#6_3#176#6,1x96x14x14,0.2300,446.9553,2.3083,6.0108
3#176#4_3#192#6_3#160#4_5#160#6_5#160#6_3#160#8,1x96x10x10,0.2746,194.8192,1.9730,2.9225
5#192#6_3#192#8_5#192#4_3#176#6_3#160#4,1x112x12x12,0.2371,273.5263,1.9218,3.7269
5#160#6_5#160#6_3#176#8_3#176#8,1x96x10x10,0.2283,148.6464,1.5054,2.2350
5#192#8_3#160#4_3#176#8_3#192#4,1x112x10x10,0.2545,139.3216,1.4107,2.0012
5#192#6_3#192#8_3#160#6_3#160#8,1x144x14x14,0.2312,354.9388,1.8324,4.5359
3#176#6_5#160#8_5#160#4_3#192#4,1x112x12x12,0.2516,178.3158,1.2542,2.5930
3#176#6_5#160#4_5#192#4_3#192#6_3#192#6,1x64x12x12,0.2584,225.5985,1.5857,3.1358
5#192#6_5#192#8_5#192#4,1x112x14x14,0.2561,232.2459,1.1984,3.3033
5#176#6_5#192#4_3#192#6,1x128x14x14,0.2508,203.5264,1.0508,2.7487
5#160#8_5#176#6_3#160#8_3#176#6,1x128x14x14,0.2340,311.4424,1.6091,4.2766
3#192#8_5#176#6,1x144x12x12,0.2719,131.2727,0.9223,1.7689
5#192#6_3#192#8,1x96x10x10,0.2860,80.2368,0.8120,1.1974
5#192#8_3#176#4,1x144x14x14,0.2852,150.3022,0.7760,2.1193
3#192#8_3#160#8,1x144x10x10,0.2875,101.0304,1.0225,1.3725
5#160#6_5#176#8_3#176#8_3#176#6_5#160#8_3#192#4,1x112x14x14,0.2268,469.5094,2.4248,6.3858
5#176#8_3#160#4_3#176#8_5#192#6_3#192#6_3#160#6,1x128x12x12,0.2164,352.5627,2.4777,4.6803
3#176#8_5#192#8_3#192#8_5#160#8,1x112x10x10,0.2489,208.6400,2.1104,3.0108
3#192#6_3#176#8_5#160#6_3#192#6_5#176#8,1x128x14x14,0.2254,453.5848,2.3413,6.0777
5#160#4_5#192#4,1x112x12x12,0.2794,60.9085,0.4288,1.0896
3#160#8_3#192#6_3#192#4,1x112x14x14,0.2652,185.9648,0.9611,2.4873
3#176#4_5#176#4_3#176#4_5#160#4_5#160#4_5#192#8,1x128x14x14,0.2205,336.8691,1.7401,4.9071
3#160#6_5#160#8_5#192#6,1x96x14x14,0.2572,196.4390,1.0153,3.3586
3#176#4_5#192#4_5#192#6_5#192#6,1x80x14x14,0.2557,264.9293,1.3673,3.8172
3#192#4_3#192#6_5#160#6_3#176#4_5#176#6_3#176#6,1x112x10x10,0.2402,210.7776,2.1331,3.0611
5#176#6_5#160#4_3#160#6_5#160#6_5#160#8,1x144x10x10,0.2661,169.4368,1.7158,2.6493
3#160#8_5#160#6_3#192#4_5#192#4_3#192#6_3#160#4,1x128x12x12,0.2200,286.9033,2.0168,3.9589
5#176#6_5#160#6_3#176#6_5#192#6_5#192#8_3#192#6,1x64x12x12,0.2428,347.2589,2.4397,4.7491
3#160#4_3#160#8_3#176#6_3#176#8_5#192#4,1x112x14x14,0.2360,341.6358,1.7651,4.4766
5#176#8_3#160#4_3#192#4_3#192#6_3#176#6,1x128x14x14,0.2374,355.3590,1.8350,4.8384
3#160#4_5#160#4,1x96x14x14,0.2949,66.2323,0.3430,1.0504
5#160#8_5#160#4_3#176#6,1x144x14x14,0.2687,192.5128,0.9949,2.8019
5#160#8_3#160#8_5#176#6_3#192#8_3#176#8_3#176#4,1x80x14x14,0.2325,472.3318,2.4395,6.0421
3#160#4_5#176#6_3#176#6_3#192#6,1x128x12x12,0.2456,195.8953,1.3772,2.6566
5#192#8_3#192#6_5#176#6_5#192#4,1x128x10x10,0.2367,162.7584,1.6464,2.3819
3#176#8_3#176#4_3#176#6_3#160#8_3#176#8,1x112x14x14,0.2434,373.3533,1.9290,4.6585
3#160#4_5#176#8,1x144x10x10,0.2769,69.3568,0.7024,1.1908
3#176#8_3#160#6_3#176#4_5#176#8_5#176#6,1x64x14x14,0.2595,334.9875,1.7306,4.5875
3#176#6_5#176#4_5#176#8_5#160#8_5#160#6,1x144x10x10,0.2200,197.3472,1.9973,3.1019
3#160#8_5#160#4_3#160#8_3#176#6_5#192#6_5#192#4,1x64x10x10,0.2409,189.3728,1.9178,2.8541
3#192#4_5#192#8_3#176#8_5#160#6,1x112x14x14,0.2291,355.1896,1.8330,4.6671
5#160#8_5#160#8_3#160#8_3#160#4,1x64x12x12,0.2739,174.3852,1.2275,2.6774
5#192#4_5#160#4,1x64x12x12,0.3082,58.2451,0.4100,0.9431
5#160#8_5#192#8_5#160#6_3#176#6_5#176#8,1x80x12x12,0.2106,295.3267,2.0758,4.3406
5#160#4_3#160#6_3#192#8_3#192#6_5#160#8_5#160#4,1x128x14x14,0.2214,445.4500,2.3002,6.0243
5#192#6_3#160#6_5#192#4_5#160#8_5#192#4,1x64x14x14,0.2480,337.2329,1.7416,4.9913
5#160#4_3#160#4_5#160#6_5#160#4_3#176#8,1x144x12x12,0.2359,208.0604,1.4636,3.1743
5#192#4_3#192#8_5#176#6_5#192#8_5#160#6,1x144x14x14,0.2209,466.0723,2.4045,6.3653
5#160#8_3#160#6_3#192#6_5#192#4_3#176#8,1x80x14x14,0.2354,353.2892,1.8248,4.7611
3#192#6_3#192#6,1x112x10x10,0.2904,68.4576,0.6930,0.9826
5#160#4_5#192#4_5#176#6,1x80x10x10,0.2789,85.6128,0.8667,1.4707
5#192#6_3#176#6_3#176#8,1x64x10x10,0.2733,109.6576,1.1102,1.5688
5#176#4_3#176#8_5#176#4_3#160#4,1x80x10x10,0.2632,114.8736,1.1634,1.7247
5#160#4_3#192#6_5#192#8_5#160#4_3#176#8,1x96x10x10,0.2420,191.8784,1.9417,2.9791
3#192#6_5#192#4,1x80x12x12,0.2925,66.8667,0.4705,0.9892
3#192#6_3#176#6,1x80x10x10,0.2943,61.8336,0.6264,0.9297
3#160#6_3#160#6,1x144x14x14,0.2958,119.4252,0.6176,1.5454
3#160#8_3#176#6_5#192#8_3#176#6,1x112x10x10,0.2490,168.4288,1.7048,2.4201
3#192#4_5#192#8,1x144x12x12,0.2835,123.0612,0.8642,1.6564
5#160#8_5#160#6_3#192#8,1x80x14x14,0.2624,197.2544,1.0197,2.9022
5#192#4_3#192#4_3#192#6,1x144x10x10,0.2634,99.0144,1.0017,1.4664
3#160#8_5#160#8_5#160#6_5#160#8,1x96x10x10,0.2536,143.3280,1.4521,2.4116
3#192#8_3#176#8_5#192#4_3#160#4,1x144x12x12,0.2492,238.5193,1.6760,3.0894
3#176#8_5#192#8_5#176#6_3#176#4,1x64x14x14,0.2439,287.4458,1.4842,3.9072
3#176#8_5#192#6_5#192#4_5#160#8_3#192#4_3#192#4,1x80x10x10,0.2366,211.9968,2.1453,3.2517
3#192#6_3#176#8_3#192#4,1x96x10x10,0.2846,110.1568,1.1151,1.5264
5#160#8_3#160#4_3#192#8,1x144x10x10,0.2811,110.5408,1.1195,1.7056
5#176#6_3#192#8_3#192#8_3#160#6_5#192#8,1x80x10x10,0.2426,227.7088,2.3038,3.1944
5#176#4_5#192#8_5#192#6_5#176#4_5#176#6_5#192#4,1x80x10x10,0.2265,220.6496,2.2319,3.4027
3#192#8_5#160#6_3#192#4_5#160#8,1x96x14x14,0.2362,310.2884,1.6024,4.4378
5#160#6_3#176#8_3#176#4_5#176#8,1x144x14x14,0.2490,306.1551,1.5811,4.1158
3#192#8_3#192#6_3#176#4_5#192#8,1x80x12x12,0.2447,224.4096,1.5769,2.9680
3#176#8_3#176#4,1x80x14x14,0.3017,85.8135,0.4443,1.1736
3#176#6_3#176#8_3#176#8,1x64x10x10,0.2783,112.3456,1.1377,1.5473
3#176#8_5#192#6_3#160#4,1x144x12x12,0.2648,167.2013,1.1752,2.2454
5#192#8_5#192#4_5#192#6,1x96x10x10,0.2558,104.4096,1.0564,1.6394
3#160#8_5#160#6_3#176#8,1x96x14x14,0.2624,199.8886,1.0336,2.7463
3#176#6_3#176#4_5#176#6_5#160#4_5#192#6,1x144x10x10,0.2391,163.6800,1.6568,2.5345
3#192#8_5#176#4,1x96x14x14,0.2832,114.1002,0.5898,1.5956
5#176#4_3#160#6,1x128x10x10,0.2831,58.3456,0.5911,0.8826
5#176#8_3#176#4_5#160#6_5#176#8,1x144x10x10,0.2447,157.6544,1.5958,2.5144
5#160#8_5#192#6,1x112x14x14,0.2736,132.6277,0.6855,2.2266
3#160#4_3#192#4_5#192#6_3#192#6_5#160#6,1x112x10x10,0.2496,179.4496,1.8155,2.6558
5#192#8_5#176#6_3#176#8_5#192#8_3#192#6_5#176#4,1x96x12x12,0.2081,378.5933,2.6595,5.0805
3#176#8_3#192#8_3#192#6_3#176#6_3#160#4,1x144x14x14,0.2481,423.5231,2.1864,5.2817
3#192#8_5#192#6,1x96x14x14,0.2820,140.6684,0.7265,1.9938
5#192#6_5#160#4,1x112x12x12,0.2763,81.0501,0.5700,1.3180
5#192#6_5#176#6_3#176#6_3#160#8_5#160#4,1x128x10x10,0.2220,189.2000,1.9149,2.7647
3#192#8_3#160#4_5#160#8_3#176#8,1x96x10x10,0.2579,146.5856,1.4847,2.1329
5#192#6_5#192#8,1x112x10x10,0.2808,87.0816,0.8808,1.4528
3#176#8_3#192#8_3#160#8,1x80x12x12,0.2719,192.0246,1.3500,2.3815
5#160#6_5#160#4_5#160#8_5#176#6,1x80x10x10,0.2504,117.7120,1.1926,2.0164
3#176#6_5#160#8_3#160#6_5#192#6_3#160#6,1x64x14x14,0.2496,352.4864,1.8210,5.0848
5#176#4_5#192#6_5#192#4,1x96x14x14,0.2542,175.1958,0.9046,2.6836
3#176#4_3#176#6_3#160#6_5#192#4_3#176#4_3#176#6,1x64x14x14,0.2554,357.7486,1.8482,4.7478
5#192#6_5#176#8_3#192#8,1x144x12x12,0.2485,221.9904,1.5591,2.8182
5#160#8_5#192#8_3#192#4_3#176#6,1x96x12x12,0.2443,218.0690,1.5328,3.1713
3#160#4_5#192#8,1x80x10x10,0.2914,60.5760,0.6136,0.9596
5#176#4_3#176#8,1x80x14x14,0.2912,120.0084,0.6203,1.5690
5#192#8_3#176#6_3#160#6,1x64x14x14,0.2792,199.2803,1.0298,2.5945
3#176#6_3#192#8_3#160#4_3#192#4,1x128x12x12,0.2544,201.2037,1.4145,2.6018
3#176#4_3#192#4_3#192#8_3#176#8,1x128x12x12,0.2528,244.5834,1.7183,3.1098
3#160#6_3#192#8_3#176#6_3#176#8,1x128x10x10,0.2327,171.7760,1.7387,2.4154
5#176#6_3#160#6_5#160#8_3#192#8,1x128x10x10,0.2472,160.2080,1.6221,2.3959
5#192#8_3#160#6_5#160#6_5#192#6_5#176#6,1x96x14x14,0.2244,375.4921,1.9390,5.5305
3#176#4_5#160#6_5#176#6_3#176#8,1x80x10x10,0.2375,139.1264,1.4087,2.1604
5#192#8_3#160#8_3#192#8_5#192#6_3#192#8,1x144x10x10,0.2267,259.6352,2.6260,3.7326
5#160#8_3#192#4_5#160#8_5#192#4_5#192#6_3#176#4,1x80x12x12,0.2198,305.3445,2.1459,4.4606
5#176#6_3#192#8_5#160#8_3#192#8,1x96x10x10,0.2437,185.5168,1.8773,2.7134
5#160#6_3#160#6_3#160#4,1x96x10x10,0.2735,70.3616,0.7136,1.1661
3#176#6_3#192#6_3#176#8_3#176#4,1x144x10x10,0.2349,160.8512,1.6277,2.1784
5#160#6_5#160#6_3#192#6_3#192#6_5#176#8_5#192#8,1x112x14x14,0.2161,510.2460,2.6337,7.1564
3#160#4_5#192#8_5#176#6,1x64x12x12,0.2778,154.0362,1.0826,2.3552
3#192#4_3#176#8_5#176#4_5#176#6_3#192#6,1x144x10x10,0.2461,193.4656,1.9574,2.7366
5#192#4_3#192#6_3#192#8_5#160#6_3#176#4_5#160#4,1x96x14x14,0.2306,429.4940,2.2172,5.7095
5#192#4_3#192#8_5#176#8_5#160#4_5#192#4,1x112x10x10,0.2386,196.4288,1.9871,3.1037
5#192#4_5#160#6,1x64x10x10,0.3082,54.9248,0.5563,0.9098
3#192#8_3#176#6_5#192#8_3#192#6,1x96x12x12,0.2285,252.6474,1.7751,3.2840
5#176#6_3#192#4_5#176#8_5#160#8_5#192#8,1x64x12x12,0.2407,302.3124,2.1243,4.4621
3#176#8_3#160#6_5#176#4_5#192#4,1x112x14x14,0.2432,244.6017,1.2640,3.3104
5#192#8_5#160#4_3#176#4_5#176#8_5#160#4,1x128x14x14,0.2301,344.9976,1.7815,4.8810
3#160#8_5#192#8,1x144x12x12,0.2731,129.1530,0.9081,1.8979
3#192#6_3#192#8_5#192#4,1x80x14x14,0.2705,209.3280,1.0807,2.6913
5#176#4_3#192#6_3#176#6_5#176#4,1x80x12x12,0.2351,182.7948,1.2849,2.4838
5#192#4_3#192#4_3#160#4,1x144x12x12,0.2703,121.7341,0.8556,1.6696
3#176#8_5#160#4_3#176#8,1x96x10x10,0.2731,98.4768,0.9979,1.4524
3#176#8_3#160#4_5#176#6_3#192#4,1x64x10x10,0.2742,108.3712,1.0981,1.7491
5#160#6_3#160#4_5#176#6_3#176#6_5#160#6_3#176#8,1x96x10x10,0.2356,202.2848,2.0485,3.1414
3#176#6_3#160#4,1x144x14x14,0.2896,113.8054,0.5883,1.5541
5#192#6_3#176#6_3#160#4_5#160#6_3#160#6_3#192#4,1x128x12x12,0.2205,278.9960,1.9618,3.9946
3#192#4_3#176#4_3#192#4_3#160#8,1x80x12x12,0.2635,189.0755,1.3293,2.4392
3#160#6_3#160#8,1x112x12x12,0.2874,90.4136,0.6367,1.2159
5#160#4_3#176#6_3#192#8_5#176#8,1x112x12x12,0.2342,246.5833,1.7327,3.3480
5#160#4_5#192#8_3#192#4_5#176#8_3#192#6_3#192#6,1x128x10x10,0.2232,251.7920,2.5469,3.6349
5#160#6_5#192#6_5#176#6_5#192#6,1x80x10x10,0.2415,146.7968,1.4855,2.3449
5#160#4_5#192#6_3#192#8_5#176#8_5#176#6,1x96x12x12,0.2161,310.3350,2.1799,4.5099
5#176#4_5#160#6_5#176#4_5#160#4_3#160#8,1x128x14x14,0.2185,306.3433,1.5828,4.4628
5#160#4_5#192#6_5#160#8_3#176#6_5#192#8_5#160#6,1x96x14x14,0.2203,497.2943,2.5670,7.3045
5#160#6_5#160#6_3#192#8_3#192#4,1x80x12x12,0.2324,182.2787,1.2819,2.6581
5#176#4_3#192#6_5#176#4_5#192#8_3#160#6_3#176#6,1x64x10x10,0.2532,223.9712,2.2665,3.2508
3#192#6_3#192#4_3#176#4_3#160#4_5#160#4,1x96x10x10,0.2405,130.6496,1.3232,2.0151
5#160#6_5#160#6_3#176#4,1x128x12x12,0.2644,121.1075,0.8522,1.8847
3#160#4_5#160#6,1x64x10x10,0.3129,40.1088,0.4069,0.7457
5#176#6_5#176#6_3#192#8,1x80x12x12,0.2612,160.0819,1.1253,2.1938
3#192#4_3#160#6_3#192#8_3#192#8_3#160#6,1x64x10x10,0.2683,206.9760,2.0945,2.9306
5#160#4_3#176#6_3#176#8_3#160#4_5#160#6,1x64x10x10,0.2547,154.3872,1.5637,2.3181
5#192#6_3#160#8_5#160#8_5#176#6,1x64x10x10,0.2658,152.1728,1.5408,2.3523
3#192#8_3#192#6_5#192#4_5#160#8,1x96x14x14,0.2376,318.1409,1.6423,4.2632
5#160#6_5#176#4,1x128x10x10,0.2819,52.0064,0.5271,0.8866
5#160#6_5#160#6_5#160#4_5#176#8_3#192#6_3#192#8,1x64x10x10,0.2401,218.3648,2.2103,3.4803
5#160#4_3#176#8_5#176#8_5#192#4_3#160#6_5#176#6,1x128x12x12,0.2200,333.0847,2.3410,4.6019
5#160#4_5#176#8_5#160#8_5#160#6,1x144x14x14,0.2190,307.8047,1.5897,4.6192
3#192#6_5#160#6_3#192#6_5#192#4_5#160#4_5#160#8,1x144x12x12,0.2198,323.1360,2.2708,4.5918
5#192#8_5#176#8,1x128x12x12,0.2675,146.2026,1.0270,2.2187
5#160#4_5#176#6_3#192#4_3#176#8,1x96x10x10,0.2530,141.0048,1.4272,2.1435
3#192#8_3#192#6_3#192#6_5#176#8_5#160#4_3#192#8,1x128x10x10,0.2288,267.9488,2.7106,3.8148
3#160#4_3#192#4_5#160#4_5#160#4_3#160#8_3#192#6,1x112x14x14,0.2247,342.0247,1.7675,4.8347
3#176#8_3#192#4,1x144x10x10,0.2909,70.3552,0.7125,0.9803
5#160#6_5#192#6_3#192#8_5#160#8_3#192#8_5#192#6,1x64x10x10,0.2374,267.5904,2.7069,4.0918
5#192#4_3#192#8_3#176#8_5#160#6_3#192#6_3#160#6,1x144x14x14,0.2288,526.3274,2.7166,6.8710
3#160#8_5#160#4_5#176#8_5#192#8,1x96x14x14,0.2328,297.3430,1.5359,4.2267
3#192#6_3#160#6_5#160#8_3#192#4,1x80x10x10,0.2695,130.0192,1.3169,1.9638
3#176#4_3#176#8,1x112x14x14,0.2875,129.5670,0.6696,1.6169
3#192#8_5#176#8_3#192#6,1x80x10x10,0.2699,126.4544,1.2797,1.8202
3#160#6_5#192#8,1x144x14x14,0.2730,158.1234,0.8168,2.2470
3#160#4_5#160#6_5#176#4_5#176#4_3#160#6_3#160#4,1x96x10x10,0.2354,157.5968,1.5965,2.5039
5#192#8_5#176#6_3#160#4_3#192#8_5#176#6_3#176#8,1x112x12x12,0.2190,368.8520,2.5918,5.0175
5#160#6_5#160#4_3#160#6_3#160#6,1x80x12x12,0.2705,142.9171,1.0063,2.1004
5#160#8_3#176#6_5#192#8_3#192#6_3#192#6,1x144x10x10,0.2310,225.4016,2.2802,3.1666
5#160#8_5#176#6_3#192#6,1x128x14x14,0.2521,224.9327,1.1619,3.1049
5#160#8_3#160#4_5#192#8_5#176#4_3#192#4_5#176#4,1x112x14x14,0.2252,387.7476,2.0025,5.5185
5#160#8_5#176#6_3#176#8_3#160#8_5#176#6,1x96x10x10,0.2399,200.2816,2.0279,3.0780
3#160#8_3#192#6_3#160#4,1x144x12x12,0.2726,153.9164,1.0825,2.0698
3#160#8_5#160#4,1x144x14x14,0.2996,118.4655,0.6126,1.6708
3#160#6_3#192#6_5#176#8,1x96x12x12,0.2577,170.3117,1.1972,2.4644
5#160#4_5#192#6,1x64x10x10,0.3069,46.6624,0.4729,0.8699
5#176#6_3#192#4_3#176#6,1x144x12x12,0.2597,157.0637,1.1038,2.0986
3#192#8_3#192#4_3#160#6_5#176#4,1x64x14x14,0.2635,226.4945,1.1704,3.0747
3#192#4_5#192#6,1x64x12x12,0.3023,79.3866,0.5581,1.1596
3#192#4_5#192#8,1x128x12x12,0.2775,118.2597,0.8306,1.6892
5#160#8_5#160#4_5#176#4,1x144x14x14,0.2798,172.8814,0.8935,2.5912
5#192#6_3#176#4_5#160#6,1x64x12x12,0.2805,122.8170,0.8639,1.7820
3#160#6_5#192#8_3#176#6_5#192#8,1x144x14x14,0.2250,364.9489,1.8837,4.8847
3#176#8_5#192#8_5#176#4_5#160#4_3#176#4_5#160#4,1x80x12x12,0.2328,276.4800,1.9437,3.9697
3#176#8_5#176#4_5#176#6_5#176#8_5#176#6_5#160#4,1x96x10x10,0.2292,210.7456,2.1331,3.3129
5#192#6_3#192#4_5#176#6,1x64x14x14,0.2742,178.0746,0.9196,2.4491
3#160#4_3#176#8,1x128x14x14,0.2802,125.8916,0.6508,1.6170
3#176#4_3#192#4_5#176#6_5#176#4_3#160#6_3#160#4,1x96x10x10,0.2348,177.8976,1.8011,2.6581
5#176#8_3#176#8_3#160#6,1x64x10x10,0.2856,104.7712,1.0613,1.5019
5#176#6_3#160#8,1x112x14x14,0.2759,145.8177,0.7537,1.9561
5#160#6_5#160#8_3#192#4_3#176#4_5#192#4,1x96x12x12,0.2383,218.0690,1.5335,3.4285
5#160#4_3#192#4_5#176#6,1x128x14x14,0.2560,182.0887,0.9404,2.6330
3#176#4_3#176#4,1x128x12x12,0.2913,62.9176,0.4429,0.8697
3#176#8_5#160#8_5#160#4,1x144x14x14,0.2557,227.6736,1.1761,3.1784
3#192#8_3#176#6,1x64x14x14,0.3015,120.7485,0.6242,1.5540
3#176#4_5#160#8_5#160#8,1x128x12x12,0.2478,167.1598,1.1753,2.4125
5#176#6_3#176#6_5#160#8_5#176#8_5#176#8,1x80x10x10,0.2124,208.7680,2.1130,3.3415
5#160#4_5#176#6_5#160#8,1x128x14x14,0.2503,214.0132,1.1054,3.0952
3#176#4_3#176#8_5#160#8_3#176#8,1x128x10x10,0.2426,169.7280,1.7182,2.3918
3#192#8_5#192#4_5#176#4_5#176#4_3#192#8,1x96x14x14,0.2309,338.3493,1.7470,4.5780
3#160#6_3#176#6_3#176#4,1x96x10x10,0.2676,78.1504,0.7922,1.1625
3#192#4_5#160#4_5#176#4_5#192#4_5#160#6_5#192#4,1x64x10x10,0.2587,170.7072,1.7281,2.8324
3#192#4_5#160#8_3#160#8_5#176#8_3#192#8_5#192#8,1x96x10x10,0.2228,284.6464,2.8798,4.2816
3#192#6_3#192#4_3#192#4_3#192#6_3#192#4,1x96x12x12,0.2925,222.8705,1.5662,2.8836
3#176#6_3#160#6_5#176#8_5#176#8_5#176#6_5#160#8,1x64x12x12,0.2272,353.5165,2.4848,4.9660
5#160#8_5#192#8_3#192#6_5#160#8_3#192#6,1x144x12x12,0.2253,339.1396,2.3827,4.7906
3#192#6_3#192#8_5#176#4,1x96x10x10,0.2714,112.8768,1.1422,1.6602
3#176#6_5#176#4_3#160#6_5#176#4_5#160#8_5#176#4,1x144x10x10,0.2354,202.2336,2.0474,3.0795
3#192#8_5#176#8_3#192#8,1x96x14x14,0.2553,283.9209,1.4657,3.7828
5#176#4_5#192#4,1x112x12x12,0.2779,67.7376,0.4765,1.0629
3#176#4_5#176#4_3#176#4_3#160#6_3#160#4_3#176#4,1x128x10x10,0.2372,155.4336,1.5745,2.3212
3#192#8_3#160#6_5#192#8_3#160#6_3#160#4_5#176#4,1x128x10x10,0.2294,223.7696,2.2652,3.2282
5#176#4_3#160#4_5#160#8_5#160#8,1x80x14x14,0.2624,246.6150,1.2746,4.2161
5#160#8_3#192#4_5#176#6_3#192#6,1x96x14x14,0.2388,276.6266,1.4288,3.9608
5#160#8_3#160#4_5#176#6_3#160#4_3#160#6,1x80x10x10,0.2374,135.4560,1.3729,2.1908
5#176#6_5#160#6_5#160#6_5#192#4_3#192#4,1x112x12x12,0.2224,222.4005,1.5637,3.4358
5#176#6_5#192#8_3#192#4_5#160#4,1x96x14x14,0.2437,273.8481,1.4138,3.7710
3#176#6_3#160#6_3#160#6_5#192#4_3#192#6,1x64x12x12,0.2481,221.7508,1.5596,3.0530
3#160#8_5#160#6,1x64x10x10,0.3077,46.0736,0.4676,0.8185
3#176#4_5#192#4_5#192#4_5#176#8,1x128x10x10,0.2517,144.4800,1.4615,2.1802
3#192#6_5#192#6_3#176#4,1x96x12x12,0.2627,141.6960,0.9959,1.9373
3#160#6_3#160#6,1x144x12x12,0.2939,87.7409,0.6176,1.3270
3#192#8_5#176#4_3#192#6,1x64x14x14,0.2779,179.4356,0.9271,2.4178
3#176#4_3#176#4_3#192#6_5#176#4,1x64x10x10,0.2738,109.6672,1.1104,1.6476
5#176#4_3#192#4_3#192#6,1x96x14x14,0.2608,173.0445,0.8937,2.3102
5#176#4_3#176#8_5#160#4_3#160#8,1x80x10x10,0.2415,131.5712,1.3326,1.9216
3#192#6_3#160#6,1x96x12x12,0.2827,91.5978,0.6444,1.2083
3#176#8_5#160#4_5#176#8,1x128x14x14,0.2559,218.6545,1.1297,3.0257
3#192#8_5#192#4,1x80x10x10,0.2962,50.9312,0.5161,0.8109
5#160#4_3#176#8,1x96x14x14,0.2784,116.2327,0.6010,1.5589
3#176#4_5#176#6,1x112x10x10,0.2877,55.0880,0.5580,0.8727
5#160#8_3#160#4_5#192#6_5#192#8,1x96x14x14,0.2256,286.6680,1.4804,4.4000
5#160#6_5#176#6,1x96x12x12,0.2749,79.4788,0.5594,1.5172
5#192#6_5#160#6_5#160#6,1x64x12x12,0.2672,131.9639,0.9282,2.1031
3#176#6_5#176#6_5#176#8_3#192#8_3#192#6,1x64x12x12,0.2284,295.6539,2.0774,3.9110
5#176#6_3#176#8_3#176#4_3#160#6,1x144x10x10,0.2547,147.8336,1.4966,2.0711
3#160#8_3#192#4_3#176#8_3#176#4_5#192#4,1x96x10x10,0.2526,165.8112,1.6788,2.5719
5#160#6_5#192#4_5#176#4,1x128x14x14,0.2627,170.2221,0.8793,2.7085
3#160#6_3#192#4_5#160#6_3#176#6,1x128x10x10,0.2487,133.4720,1.3516,1.9938
3#160#8_5#176#6,1x64x12x12,0.2987,72.6129,0.5115,1.1433
5#192#6_3#160#8,1x80x14x14,0.2842,145.6547,0.7526,1.8954
5#160#8_3#192#6_5#160#4_5#192#4,1x64x10x10,0.2720,110.7264,1.1216,1.9185
3#176#4_3#176#6,1x144x10x10,0.2956,59.6064,0.6037,0.8436
3#176#6_3#192#8_5#192#8,1x96x14x14,0.2540,268.8305,1.3876,3.4360
3#160#8_5#192#4_3#176#4,1x128x14x14,0.2701,180.3075,0.9318,2.5374
3#160#8_3#176#6_3#176#4,1x80x14x14,0.2727,153.9901,0.7966,2.1173
3#176#6_3#160#4_3#176#4,1x64x12x12,0.3007,90.2707,0.6359,1.2873
3#176#6_3#192#6_3#160#8_5#192#6_3#176#4_5#192#6,1x80x12x12,0.2326,334.5362,2.3510,4.5692
3#192#4_3#192#8_5#176#8_5#176#4,1x64x14x14,0.2468,310.9783,1.6050,4.2375
5#176#4_3#176#8_3#160#6,1x64x12x12,0.2871,141.1016,0.9925,1.8747
3#176#4_5#160#4_5#192#4,1x80x10x10,0.2906,65.3184,0.6620,1.1961
5#160#4_5#160#6,1x64x12x12,0.3078,58.3465,0.4110,1.0526
3#176#6_5#160#6,1x144x10x10,0.2792,71.8976,0.7280,1.0805
5#176#8_3#160#4_5#176#8_5#160#6,1x80x14x14,0.2366,267.4569,1.3820,3.9405
3#176#6_3#192#6,1x144x10x10,0.2862,74.1504,0.7507,1.0285
3#176#6_3#160#4,1x112x14x14,0.2899,96.1059,0.4972,1.3654
5#192#8_3#160#4_3#176#4,1x64x10x10,0.3002,71.3088,0.7229,1.1402
3#192#6_5#176#6_3#160#6_5#176#8_3#160#8_3#192#6,1x64x12x12,0.2397,341.9274,2.4038,4.7239
3#176#4_3#176#4_3#192#6_3#160#6,1x64x14x14,0.2713,236.6990,1.2228,3.1001
5#160#4_5#176#6,1x96x12x12,0.2790,71.7097,0.5047,1.1606
3#176#8_5#176#8_5#192#8_5#160#8,1x96x10x10,0.2394,196.0448,1.9834,2.9851
5#160#6_5#160#6,1x64x12x12,0.2997,62.9361,0.4434,1.1179
3#160#4_5#160#6_3#160#8_5#176#8_5#160#4,1x144x14x14,0.2329,338.7256,1.7501,4.6821
5#192#8_5#192#4_5#160#6_3#176#8_3#192#4_3#192#6,1x96x14x14,0.2318,442.8910,2.2867,5.9894
3#176#4_3#192#4_5#176#4_5#160#4_3#176#6,1x144x12x12,0.2370,214.7512,1.5098,2.9641
3#176#4_5#160#6_5#176#6_3#176#8,1x128x12x12,0.2224,212.4242,1.4934,2.9277
5#192#6_3#192#8_5#192#6_5#176#4_5#160#8_3#192#8,1x80x14x14,0.2220,509.1296,2.6278,6.8585
5#160#6_3#192#8_5#192#8_5#176#6,1x144x12x12,0.2321,275.7381,1.9367,3.8426
5#192#4_5#176#6_3#192#6_5#176#4_5#160#6,1x112x14x14,0.2240,359.1347,1.8539,4.9936
3#192#6_5#192#4_5#160#4_5#160#6,1x144x14x14,0.2309,253.0940,1.3069,3.6981
3#160#6_3#192#6_3#160#6_3#160#8_5#160#8_5#192#6,1x144x10x10,0.2206,237.2704,2.4022,3.5725
3#192#6_5#192#6_3#176#4_5#192#8,1x112x12x12,0.2315,232.3400,1.6321,3.2330
5#176#4_5#160#6_3#176#8_5#160#8_5#176#4_5#160#8,1x144x10x10,0.2290,243.5296,2.4649,3.6921
5#176#4_5#192#6_3#160#6_5#192#4,1x80x14x14,0.2426,249.1928,1.2870,3.7221
5#192#6_3#192#8_3#160#4_3#176#8_5#192#8,1x96x14x14,0.2290,424.7775,2.1928,5.3990
3#192#8_5#176#4_5#192#4_5#192#6_5#192#8,1x80x12x12,0.2333,279.4568,1.9629,3.8895
5#192#6_5#176#8_5#160#4_3#176#4_3#176#4,1x80x14x14,0.2305,309.8305,1.6002,4.4352
5#160#8_5#192#4_3#160#8_5#192#8,1x128x10x10,0.2363,171.1488,1.7323,2.5830
3#192#4_3#192#6_5#160#8,1x64x10x10,0.2919,114.2656,1.1563,1.6714
5#192#8_5#192#6_5#176#4_3#176#8_3#160#6,1x128x10x10,0.2375,208.5408,2.1099,3.0055
5#192#8_3#160#4_5#192#4_3#176#4,1x144x10x10,0.2559,134.6816,1.3631,2.1178
3#192#8_3#192#6_3#176#6,1x80x12x12,0.2675,160.7086,1.1297,2.0163
3#176#8_5#176#4,1x144x12x12,0.2939,96.4454,0.6783,1.3186
5#192#6_5#176#6_3#192#6_5#176#4,1x112x12x12,0.2297,215.5162,1.5142,3.0823
3#160#8_3#160#4_5#160#4_5#160#6_3#176#6,1x64x12x12,0.2566,180.2097,1.2687,2.7370
5#192#4_3#176#6_3#192#8,1x128x12x12,0.2545,177.6845,1.2485,2.3114
5#192#8_3#160#6_3#176#8,1x64x12x12,0.2774,154.4417,1.0864,2.0552
5#192#6_3#176#4_3#160#6_5#176#6,1x128x12x12,0.2323,198.7292,1.3971,2.8532
5#192#4_3#160#6_3#176#4_3#176#4_5#176#4_5#176#8,1x64x12x12,0.2915,263.5407,1.8528,3.6625
5#176#4_3#176#8_3#192#8_5#160#6,1x128x12x12,0.2299,248.9610,1.7493,3.2838
3#176#4_5#192#6_3#160#8_5#176#8,1x144x14x14,0.2292,340.8644,1.7598,4.6424
3#176#6_3#176#6_5#160#4_5#192#8,1x144x14x14,0.2360,291.3344,1.5045,4.0027
3#176#8_3#160#6_3#160#6,1x80x10x10,0.2689,89.2000,0.9043,1.2888
5#192#8_5#176#8,1x144x12x12,0.6813,155.6582,1.0932,2.2318
3#192#8_5#192#6_3#176#6,1x112x10x10,0.2631,124.1216,1.2559,1.8357
5#160#6_5#192#8_3#176#6_3#176#4_5#192#4,1x96x14x14,0.2283,337.7472,1.7442,4.7785
5#160#6_3#192#8_5#176#8_5#160#8,1x64x10x10,0.2604,177.2544,1.7938,2.7336
5#176#8_5#192#6,1x96x10x10,0.2806,69.3792,0.7026,1.1089
5#176#8_5#192#6_3#160#8_3#160#4,1x64x14x14,0.2494,272.7379,1.4090,3.8000
3#176#4_5#176#4_3#192#8_5#176#6_5#160#6_3#160#4,1x112x14x14,0.2302,409.4926,2.1144,5.5226
5#176#4_5#192#8_3#160#6_5#192#8_5#176#8,1x64x10x10,0.2522,226.3552,2.2897,3.3233
5#192#6_5#176#8_5#160#6_5#176#6_5#192#8_3#192#4,1x144x14x14,0.2130,519.4094,2.6805,7.2867
3#192#4_5#160#4_5#176#4,1x96x10x10,0.2818,71.1936,0.7213,1.1973
5#176#6_5#160#8_5#176#8_3#160#6,1x112x14x14,0.2289,323.2463,1.6696,4.4578
3#176#4_3#160#4_3#176#4_5#160#4_5#160#8_3#192#4,1x128x14x14,0.2250,330.9358,1.7102,5.0209
3#192#8_3#160#6_3#160#4,1x144x12x12,0.2643,155.8426,1.0958,2.0434
5#192#8_3#176#8_5#160#8_5#160#4_3#192#4,1x128x14x14,0.2292,393.9067,2.0340,5.3394
5#176#6_3#176#6,1x128x10x10,0.2811,65.6416,0.6648,0.9697
3#192#6_3#160#8_5#160#8,1x112x10x10,0.2555,125.8656,1.2744,1.8250
3#176#6_3#176#4,1x64x12x12,0.3123,51.9875,0.3665,0.7606
5#192#8_5#192#6_5#176#6,1x96x12x12,0.2485,175.1777,1.2307,2.4845
5#192#6_5#192#4_5#176#4_5#192#4_3#192#4,1x112x14x14,0.2217,294.9032,1.5224,4.1769
3#192#4_5#160#8_3#192#4_3#160#8_3#176#8_5#176#4,1x144x12x12,0.2260,348.2358,2.4473,4.6402
5#176#8_3#176#6_3#192#6,1x80x14x14,0.2625,197.3798,1.0199,2.6481
3#192#6_5#176#8_5#192#6_3#192#4_3#160#4_5#192#4,1x128x12x12,0.2229,323.3203,2.2715,4.6196
5#192#4_5#160#8_3#192#6,1x96x10x10,0.2628,112.5696,1.1394,1.8027
3#192#4_5#192#6_5#176#8_3#160#8_5#160#8_5#176#6,1x64x14x14,0.2249,493.7193,2.5489,7.2351
3#160#8_5#160#8_5#160#6_5#160#6_3#192#4_5#192#6,1x64x10x10,0.2367,196.6464,1.9913,3.1607
5#176#8_5#176#8_5#192#4_5#176#4,1x112x14x14,0.2305,289.5030,1.4947,4.2068
3#192#6_3#160#4_5#192#6_5#160#6,1x96x12x12,0.2376,195.1396,1.3718,2.8792
5#160#4_5#176#4_5#192#8,1x64x10x10,0.2984,92.0320,0.9317,1.5035
5#192#8_3#176#4,1x96x14x14,0.2802,114.1002,0.5898,1.5823
5#176#6_5#160#8_3#176#8_3#192#4_3#192#6_5#192#6,1x64x10x10,0.2508,234.2336,2.3703,3.4001
3#160#8_3#176#4_5#160#4_5#160#4_5#160#4,1x96x12x12,0.2526,171.6111,1.2080,2.5881
5#160#8_5#192#8_3#160#6_5#192#4,1x96x10x10,0.2445,146.3040,1.4813,2.2813
5#192#6_5#192#4_5#192#4_5#160#6,1x144x12x12,0.2374,206.3232,1.4492,2.7867
3#176#6_5#160#8_5#176#6_5#176#4,1x128x12x12,0.2198,207.2863,1.4573,2.9946
3#192#8_3#192#6_3#160#4_3#160#8,1x112x10x10,0.2406,148.3776,1.5023,2.0680
3#160#6_5#160#6_3#160#6_3#176#8,1x96x14x14,0.2427,251.8208,1.3019,3.3503
5#192#6_3#176#8_3#176#4,1x144x10x10,0.2551,120.6560,1.2208,1.7027
5#160#6_3#176#8_5#176#6,1x96x14x14,0.2499,204.8372,1.0585,2.9218
5#192#8_5#160#4_5#192#4_5#176#6_3#160#4_5#176#4,1x64x14x14,0.2457,345.9761,1.7871,5.1377
5#160#8_5#176#6_5#160#8,1x128x10x10,0.2595,125.2160,1.2677,2.0309
3#160#4_5#192#6_3#160#6_3#160#8_3#176#8_5#160#8,1x128x12x12,0.2262,351.2310,2.4693,4.7874
3#160#4_5#160#6_3#160#8_3#160#4,1x144x10x10,0.2585,116.6208,1.1817,1.7717
5#176#8_5#160#6_3#176#8,1x144x10x10,0.2623,130.1920,1.3180,1.9160
3#192#8_3#192#4_5#176#8,1x64x12x12,0.2814,156.5614,1.1004,2.2277
3#176#4_5#160#4,1x64x14x14,0.3087,70.0332,0.3625,1.1030
3#160#4_3#176#8,1x96x12x12,0.2836,84.5107,0.5949,1.1395
5#192#6_3#176#8_5#176#4_5#192#6_3#192#6,1x64x12x12,0.2343,273.6000,1.9224,3.6782
5#160#6_5#192#6_5#176#6,1x112x14x14,0.2499,214.9477,1.1100,3.3786
5#176#8_5#176#8_5#192#8_5#192#4_3#192#6,1x64x12x12,0.2409,292.5711,2.0554,4.0824
5#176#8_3#192#6_3#160#6,1x144x14x14,0.2611,255.0509,1.3169,3.4024
3#192#6_5#160#6_5#192#6_5#160#4_3#176#6,1x144x14x14,0.2273,365.1496,1.8854,5.5212
5#176#4_3#176#4_3#160#6_3#192#6,1x144x14x14,0.2439,244.6017,1.2637,3.3248
3#160#8_5#160#8_3#160#6_3#192#4_3#176#4,1x112x10x10,0.2464,161.2224,1.6332,2.3976
3#192#8_3#176#4_3#176#8_5#192#4_5#192#8_5#176#8,1x96x12x12,0.2155,382.2152,2.6849,5.1594
3#192#4_5#176#8,1x80x12x12,0.2862,106.9517,0.7516,1.5899
3#160#4_5#160#4_3#176#4_5#160#8_5#160#4,1x80x14x14,0.2382,258.6196,1.3368,3.8544
5#192#6_5#176#8,1x112x14x14,0.2707,172.4863,0.8904,2.5933
5#160#6_3#176#6_5#176#6_3#160#6_5#192#6_3#176#6,1x64x10x10,0.2518,211.6544,2.1427,3.2095
3#192#8_3#176#6_3#192#4_5#160#8_3#176#8,1x128x14x14,0.2335,432.8307,2.2347,5.5498
3#160#4_5#160#4,1x80x12x12,0.2993,45.1123,0.3181,0.7720
5#176#8_5#192#4_5#176#4,1x112x12x12,0.2611,136.2586,0.9579,2.0264
5#176#4_3#192#6_5#176#8_3#176#8_3#176#8,1x144x10x10,0.2281,230.9984,2.3369,3.1914
5#160#6_5#176#4_3#176#4_3#192#6_5#160#8,1x80x10x10,0.2501,169.5040,1.7159,2.5720
3#192#8_3#160#8_3#160#6_3#176#6_3#176#8,1x144x14x14,0.2321,429.9832,2.2207,5.4444
5#192#6_5#192#6_5#192#4_3#160#6_5#160#6_3#176#4,1x80x10x10,0.2235,196.9952,1.9938,3.0108
3#176#8_3#160#6_3#160#6_3#192#4_3#176#6_3#192#8,1x144x14x14,0.2420,471.7987,2.4366,5.9431
3#192#4_3#192#8,1x80x12x12,0.2934,102.0856,0.7175,1.3746
5#176#6_3#192#4_3#192#8_3#160#8_3#160#8_5#160#4,1x80x12x12,0.2520,328.1679,2.3068,4.3514
3#176#8_5#192#4_5#160#8_3#176#8_3#176#8_3#192#6,1x64x12x12,0.2323,355.5302,2.4989,4.7232
5#176#6_5#176#6_5#176#4,1x64x14x14,0.2775,152.2026,0.7866,2.3393
3#176#4_3#192#6_3#192#6_3#192#8_3#160#6_3#176#8,1x96x14x14,0.2454,495.7702,2.5593,6.0839
5#160#8_5#160#4_5#192#4,1x112x12x12,0.2689,111.8638,0.7873,1.9207
3#192#6_5#160#8,1x80x14x14,0.2820,148.9663,0.7695,2.0888
5#176#8_5#176#8_5#192#8,1x64x14x14,0.2658,247.9196,1.2801,3.5909
3#192#4_3#192#6_3#192#4_5#160#4_5#192#4_5#176#4,1x96x14x14,0.2326,355.7228,1.8365,4.8700
5#192#8_3#192#8_3#176#6,1x80x12x12,0.2602,183.9145,1.2924,2.4197
5#192#4_3#160#4_3#176#4_5#176#6_5#160#6_3#160#8,1x144x14x14,0.2273,396.1395,2.0461,5.4522
3#192#4_3#160#6_3#160#8,1x112x10x10,0.2584,102.9440,1.0427,1.4602
3#160#8_3#160#6,1x144x10x10,0.3064,69.9456,0.7089,0.9824
5#192#8_5#176#4_5#176#6_5#176#4_5#160#8,1x144x10x10,0.2354,197.9104,2.0023,3.0724
3#176#8_3#192#8,1x112x12x12,0.2796,122.4622,0.8611,1.5325
5#160#4_5#192#4_5#192#4_5#176#8,1x96x14x14,0.2467,263.9759,1.3627,4.0175
5#192#6_5#160#8_3#192#6_3#192#4_3#160#6_5#176#4,1x144x12x12,0.2226,336.1306,2.3619,4.4308
5#192#4_5#160#8_3#160#4,1x128x14x14,0.2537,200.2273,1.0341,2.8124
3#176#6_5#176#4,1x80x10x10,0.2967,40.6688,0.4125,0.6914
3#176#6_3#192#4_5#160#4_5#160#4_3#192#8,1x96x12x12,0.2403,217.7004,1.5309,3.0556
3#160#6_3#192#4_5#160#6_3#192#4_3#192#6,1x96x12x12,0.2316,231.7363,1.6292,3.2231
3#160#4_3#192#6_5#160#4_3#192#6,1x128x10x10,0.2547,124.7360,1.2630,1.9683
5#192#8_3#176#6_5#176#4,1x64x12x12,0.2705,128.1116,0.9010,1.8163
3#192#8_3#176#6_5#160#6,1x112x10x10,0.2650,117.9424,1.1940,1.7663
5#176#4_3#176#6_3#176#8_3#176#6_5#176#6_3#192#6,1x112x14x14,0.2237,443.0917,2.2879,5.6864
5#160#8_3#176#6_3#160#8_3#176#4_3#192#8,1x80x14x14,0.2454,366.3726,1.8930,4.8131
3#160#6_3#160#4_3#192#6_3#192#6,1x144x10x10,0.2434,133.4048,1.3507,1.9980
5#160#8_5#192#6_3#160#4_5#160#8_3#176#4_5#176#8,1x80x14x14,0.2284,412.4593,2.1307,6.3715
3#160#4_5#192#4_3#160#6_5#160#6_5#176#4,1x64x10x10,0.2665,137.8880,1.3966,2.2823
3#176#4_3#176#4_5#176#6_5#160#6_5#160#4_3#176#4,1x128x12x12,0.2190,246.8413,1.7357,3.5342
5#192#4_5#160#4_3#160#6_5#192#6_3#192#6_5#176#8,1x144x14x14,0.2123,461.4812,2.3820,6.6770
3#160#6_5#176#8_5#192#8,1x144x14x14,0.2514,268.6862,1.3872,3.6486
3#160#6_3#160#4_5#192#8_5#160#4_5#192#6,1x80x14x14,0.2375,307.5350,1.5888,4.6957
3#176#8_5#176#8,1x80x12x12,0.2854,102.8874,0.7238,1.4635
5#176#6_5#160#8_5#160#4_3#160#8_5#192#6,1x144x12x12,0.2350,272.7982,1.9178,4.0027
3#176#8_3#192#8_5#192#6_5#176#8_3#160#4_3#160#8,1x80x14x14,0.2383,499.6150,2.5795,6.7304
5#160#8_3#192#4_3#176#6_3#192#6,1x96x12x12,0.2415,200.5816,1.4103,2.7775
5#192#8_3#192#6_3#176#8_5#160#4_3#176#4,1x144x14x14,0.2414,399.9153,2.0644,5.2453
5#176#6_5#176#6_3#176#4_3#176#4_5#160#6_3#160#4,1x96x10x10,0.2293,171.4304,1.7360,2.6382
3#160#4_5#192#6_3#160#6_5#160#8_5#176#8,1x112x12x12,0.2211,275.7427,1.9385,3.9995
5#176#4_5#176#4_5#176#4_5#192#4,1x144x12x12,0.2430,153.4095,1.0783,2.3155
5#176#6_3#160#4_3#192#4_5#192#8_5#192#6,1x128x12x12,0.2324,274.6644,1.9295,3.8033
3#176#6_5#176#4_5#176#8_3#176#6,1x112x10x10,0.2551,139.6736,1.4139,2.1428
3#192#6_3#176#6_5#160#8_5#176#4_5#192#6,1x144x10x10,0.2364,203.8272,2.0624,3.1016
3#160#4_3#160#6_3#160#8_5#176#8_5#176#8,1x112x12x12,0.2102,273.8627,1.9257,3.7752
3#176#4_3#176#8_5#176#6_3#176#4_3#176#4,1x128x14x14,0.2886,313.1045,1.6172,4.0597
3#192#4_3#176#4_5#176#8_3#160#8_3#192#4_3#192#4,1x112x10x10,0.2431,209.3376,2.1188,3.1849
3#160#8_3#160#4_5#192#8_5#160#8_3#176#6_3#160#6,1x144x10x10,0.2407,246.9088,2.4994,3.5358
5#160#6_3#176#6_5#192#6_5#160#8_3#160#8,1x144x12x12,0.2113,309.0770,2.1723,4.3665
5#160#4_3#176#8_5#160#8_5#192#8_5#160#8_3#192#8,1x80x14x14,0.2263,533.0573,2.7523,7.3638
3#160#6_3#160#8_5#176#8_3#176#6,1x96x14x14,0.2286,286.2729,1.4794,3.7564
3#160#4_5#176#4_3#192#8,1x64x10x10,0.2958,89.3696,0.9051,1.3444
3#176#4_3#192#8_3#192#6_5#192#8,1x64x12x12,0.2684,247.7629,1.7403,3.1783
3#160#4_3#160#8,1x64x10x10,0.3129,49.1008,0.4981,0.7521
3#176#6_3#176#8_3#192#6_3#176#6_3#176#6_3#176#8,1x144x12x12,0.2500,375.4644,2.6385,4.6379
3#160#6_3#176#6_3#192#4_5#192#6_5#176#4_3#176#6,1x128x12x12,0.2266,301.6996,2.1204,4.0288
5#160#4_5#160#6_3#176#6_3#160#4_5#176#4_3#160#8,1x64x10x10,0.2691,180.8704,1.8321,2.7713
5#192#4_5#160#6_5#160#4_3#176#6,1x64x10x10,0.2813,112.9408,1.1439,1.7903
3#192#6_3#160#4_3#176#6_3#160#6_3#176#4_3#192#4,1x96x10x10,0.2539,179.7472,1.8206,2.5732
3#176#4_3#176#4,1x80x10x10,0.3042,35.3024,0.3582,0.5824
3#176#4_5#192#6_5#160#6_5#176#4_3#176#6_5#160#8,1x64x10x10,0.2407,216.5696,2.1918,3.2981
3#176#8_5#192#4,1x96x10x10,0.2850,54.3168,0.5506,0.8512
3#176#6_3#160#8,1x96x12x12,0.2821,99.7448,0.7020,1.4135
5#160#8_3#192#8_3#192#6_5#176#8_5#176#8_3#176#8,1x64x14x14,0.2463,540.9224,2.7923,7.4243
3#176#4_5#176#4_5#160#6_5#160#4_5#192#4_5#176#6,1x144x12x12,0.2267,269.1302,1.8916,4.0201
3#192#4_3#176#4_5#192#6_3#160#8,1x128x12x12,0.2435,223.2530,1.5688,3.0245
3#192#6_3#160#4_5#160#6_3#176#4,1x144x10x10,0.2633,121.3856,1.2293,1.9104
3#176#8_5#192#4,1x128x10x10,0.2851,65.3504,0.6619,0.9755
5#176#4_5#192#6_3#176#8_3#176#6_5#176#6,1x112x12x12,0.2265,288.1336,2.0245,3.8946
5#160#4_3#160#4_5#160#8_3#192#8_3#176#4_3#176#8,1x64x14x14,0.2539,401.9098,2.0763,5.6566
3#176#4_5#160#8_5#176#8_5#192#8,1x128x10x10,0.2334,179.6608,1.8179,2.8325
3#160#8_5#176#8_5#176#6_3#176#6,1x80x10x10,0.2507,144.1728,1.4599,2.3198
5#160#8_5#176#6_3#192#4_3#192#4,1x128x10x10,0.2320,131.6736,1.3331,2.1176
3#176#8_3#192#6_5#160#8_5#192#8_5#192#4_5#192#4,1x144x10x10,0.2334,258.7552,2.6175,3.7364
3#176#8_3#176#6_5#192#6_3#176#8_3#160#6_5#192#4,1x128x12x12,0.2290,352.8576,2.4799,4.7223
3#160#6_3#192#6_5#176#8_3#160#8_3#160#8,1x144x10x10,0.2295,224.3232,2.2706,3.2478
3#176#6_3#192#4_3#160#4,1x64x10x10,0.3027,71.4048,0.7236,1.0923
3#160#8_5#192#8_5#192#6_5#192#8,1x80x12x12,0.2446,257.0158,1.8055,3.6787
3#192#6_5#160#6_5#192#4_5#160#8_3#192#6,1x144x14x14,0.2258,401.7655,2.0741,5.8923
5#176#6_3#176#8_3#192#4_5#160#8_3#160#8_5#176#6,1x96x10x10,0.2157,240.1088,2.4305,3.5567
3#176#4_5#160#6,1x112x14x14,0.2787,110.1802,0.5695,1.5805
3#176#6_3#176#4_3#176#4_3#192#6_5#160#4,1x64x10x10,0.2711,136.7328,1.3847,2.0545
3#160#8_5#192#4_3#192#8_3#160#8_3#176#8_3#176#6,1x80x10x10,0.2395,248.4000,2.5143,3.5831
3#160#4_3#176#4_3#160#8_5#160#4,1x112x12x12,0.2401,162.3583,1.1424,2.3527
3#176#8_3#160#8_3#160#6_5#160#6,1x80x12x12,0.2599,193.6282,1.3625,2.7871
5#176#6_3#176#6_5#176#4_5#160#8_5#192#8,1x112x12x12,0.2246,277.4016,1.9498,4.0458
5#160#6_5#160#4,1x144x14x14,0.2930,103.5068,0.5351,1.5802
5#176#6_5#192#8,1x112x10x10,0.2723,81.7184,0.8270,1.2732
5#192#6_5#160#8_5#160#6_5#176#6_3#160#8,1x96x10x10,0.2398,202.8352,2.0532,3.1591
3#192#4_3#176#4,1x64x12x12,0.3112,58.0977,0.4090,0.8274
5#160#6_5#160#4_5#176#4_5#192#8,1x128x14x14,0.2381,260.2880,1.3443,3.8764
3#192#4_3#192#6_5#160#6_5#160#4,1x64x10x10,0.2522,121.8688,1.2336,1.8484
5#160#4_3#160#8,1x112x12x12,0.2830,82.3818,0.5800,1.1663
3#192#6_3#160#8_5#176#4_5#160#6_3#176#4_3#176#6,1x64x10x10,0.2523,199.8016,2.0231,2.9267
3#160#8_5#160#4_5#160#8_5#160#4,1x64x14x14,0.2815,198.4963,1.0267,3.2854
5#192#4_3#192#4_5#160#4,1x128x12x12,0.2647,118.5546,0.8333,1.7599
3#176#4_5#192#4,1x96x12x12,0.2816,62.6780,0.4411,0.9561
5#160#4_5#176#6_3#160#8,1x128x12x12,0.2562,153.9901,1.0829,2.2612
5#160#8_5#176#8_3#176#4_5#192#4_5#176#4_5#160#8,1x96x12x12,0.2275,310.7635,2.1845,4.5500
5#192#8_3#192#6_3#160#4_3#192#4_5#192#4,1x64x10x10,0.2437,149.2736,1.5111,2.2462
3#160#4_3#160#8,1x128x12x12,0.2892,85.4876,0.6018,1.1505
3#160#6_5#192#6_5#192#8_3#176#6,1x64x10x10,0.2703,158.8672,1.6073,2.5156
3#192#8_5#192#8_3#176#8_3#176#4,1x128x10x10,0.2290,185.6704,1.8782,2.6879
3#192#4_5#160#6_5#192#8,1x96x14x14,0.2529,217.7137,1.1243,3.2589
5#192#8_3#160#4,1x144x12x12,0.2894,108.2143,0.7606,1.4874
3#192#4_3#160#4,1x144x12x12,0.2877,76.9444,0.5411,1.0323
3#192#4_3#192#6_3#160#4,1x64x12x12,0.2967,121.0798,0.8514,1.5829
5#160#4_5#176#4_5#176#4_3#192#8_3#192#4,1x128x10x10,0.2322,157.1776,1.5908,2.3986
3#160#8_5#160#6_3#160#6_5#176#6_5#160#4,1x128x14x14,0.2315,319.2197,1.6498,4.4775
3#176#6_3#160#8_3#192#6_5#176#6_5#176#6_5#192#6,1x64x12x12,0.2246,335.7389,2.3596,4.7525
3#176#6_5#160#6_5#192#6_3#176#4_5#176#4,1x80x12x12,0.2238,220.6126,1.5511,3.2675
5#176#6_3#160#8_3#160#6,1x112x10x10,0.2543,105.9808,1.0737,1.5327
3#160#6_5#176#8_5#160#8_5#160#4_3#192#8,1x80x12x12,0.2320,269.6556,1.8961,3.8344
3#160#4_3#176#6,1x128x14x14,0.2860,104.2532,0.5392,1.4676
5#160#6_5#160#8_3#176#8_3#192#4,1x80x10x10,0.2478,135.0560,1.3680,2.0224
3#192#6_5#176#6_3#160#6,1x128x14x14,0.2556,226.6262,1.1703,2.9552
5#192#4_5#176#8_3#160#6,1x96x12x12,0.2556,168.2703,1.1826,2.4014
5#192#4_3#192#8,1x144x12x12,0.2875,120.8494,0.8489,1.6355
3#160#8_3#176#4_5#176#6_5#176#8_5#176#8_3#160#4,1x96x14x14,0.2223,430.9303,2.2257,6.0952
5#192#4_3#192#8_5#176#8_3#176#6_5#160#4,1x128x10x10,0.2345,210.5824,2.1301,3.0674
5#176#6_5#176#6_5#160#8,1x128x14x14,0.2490,237.1130,1.2244,3.3871
3#160#6_3#192#8_5#176#8_5#192#8_5#160#6,1x128x12x12,0.2235,350.0605,2.4591,4.8695
5#192#6_3#192#4,1x80x14x14,0.2932,90.1098,0.4659,1.2631
5#192#8_3#160#6,1x64x10x10,0.3027,60.2752,0.6108,0.9233
3#176#8_3#192#4_5#160#6_5#176#6_3#176#4,1x128x14x14,0.2241,340.2811,1.7575,4.6830
3#160#4_3#176#8_5#176#6_3#192#8_5#192#6,1x64x14x14,0.2402,386.8131,1.9970,5.1082
3#160#8_5#160#4,1x64x10x10,0.3112,35.0336,0.3559,0.6457
3#160#6_5#176#4_3#192#6_3#160#6,1x80x14x14,0.2510,248.9231,1.2861,3.3490
5#160#8_3#176#4_3#160#6,1x96x14x14,0.2657,171.0312,0.8845,2.4825
5#192#4_3#160#6_5#192#8_5#160#4_5#192#8,1x112x10x10,0.2307,196.2304,1.9857,2.9843
5#160#8_3#176#8_5#176#4_3#176#4,1x144x14x14,0.2554,272.7066,1.4088,3.7060
5#192#6_3#160#8_5#192#8_3#192#6_5#176#4_3#160#4,1x80x12x12,0.2304,333.4764,2.3435,4.5637
3#176#4_5#176#4_3#176#4_5#192#6,1x64x10x10,0.2750,104.3360,1.0565,1.6515
3#176#4_5#192#8_5#160#8,1x144x12x12,0.2512,203.2957,1.4280,2.8311
5#160#6_5#192#8_3#160#6_5#192#8_5#176#8_3#192#4,1x80x14x14,0.2205,499.7592,2.5799,7.1703
3#176#6_5#160#6_5#176#4,1x112x10x10,0.2720,88.7872,0.8994,1.4089
3#160#4_5#192#4_3#176#4_5#176#4_3#160#8_3#192#6,1x144x12x12,0.2351,281.5580,1.9794,4.0898
3#192#6_3#192#6_3#160#4_5#176#4,1x96x10x10,0.2553,120.9408,1.2245,1.7583
3#160#4_5#160#4_3#160#8,1x64x12x12,0.2864,102.5004,0.7218,1.5171
5#176#4_5#192#8_5#192#6,1x80x12x12,0.2521,167.3718,1.1757,2.4073
5#160#6_5#160#8,1x112x14x14,0.2781,129.1844,0.6679,2.2749
3#176#6_3#176#4_3#192#6,1x144x12x12,0.2685,143.3733,1.0080,1.8603
5#192#4_5#192#6_5#160#8,1x64x10x10,0.2870,116.5184,1.1788,1.8125
5#192#6_3#192#4,1x112x12x12,0.2849,78.3959,0.5513,1.2103
5#160#4_5#192#4,1x144x14x14,0.2815,94.9706,0.4908,1.7515
5#192#6_3#192#8_3#176#6,1x144x14x14,0.2574,276.6140,1.4274,3.4771
3#192#8_5#192#4_5#192#4_3#176#4_5#176#6_5#192#4,1x112x14x14,0.2161,384.5677,1.9853,5.3946
3#192#6_3#176#4,1x128x12x12,0.2833,86.4829,0.6082,1.1411
5#192#8_3#192#4_3#192#8_5#160#4_5#176#8,1x80x10x10,0.2391,192.1408,1.9443,3.0893
3#160#8_5#160#4_3#176#8_3#192#6_3#192#6,1x144x14x14,0.2284,383.9279,1.9828,4.8797
5#192#4_5#176#6,1x112x12x12,0.2715,94.3811,0.6633,1.4251
3#176#8_5#176#8_5#176#6_5#160#6_5#160#8_3#176#4,1x96x12x12,0.2051,325.6658,2.2895,4.6302
3#160#4_5#176#6_3#160#4_3#176#4_3#160#8_5#192#6,1x128x12x12,0.2301,284.2307,1.9987,4.1193
5#160#8_3#192#4_3#160#8_5#176#6_3#176#8_3#160#6,1x112x12x12,0.2194,346.5354,2.4363,4.6704
